journal_title,publisher,country,discipline,turnaround_weeks,p90_in_discipline,apc,review_primary
Annales de l’Institut Henri Poincaré D,EMS Press,Germany,Science,100,30,No,Anonymous peer review
Journal of Noncommutative Geometry,EMS Press,Germany,Science,100,30,No,Anonymous peer review
Rendiconti del Seminario Matematico della Università di Padova,EMS Press,Germany,Science,100,30,No,Anonymous peer review
Revista Internacional de Formação de Professores,Instituto Federal de São Paulo,Brazil,Education,100,30,No,Double anonymous peer review
پژوهش ادبیات معاصر جهان,University of Tehran,"Iran, Islamic Republic of",Language and Literature,100,35.40000000000009,Yes,Double anonymous peer review
RAM. Revista de Administração Mackenzie,Universidade Presbiteriana Mackenzie,Brazil,Social Sciences,100,32,No,Peer review
Journal of Mathematical Cryptology,De Gruyter,Poland,Science,100,30,Yes,Anonymous peer review
Journal of the European Mathematical Society,EMS Press,Germany,Science,100,30,No,Anonymous peer review
"Groups, Geometry, and Dynamics",EMS Press,Germany,Science,100,30,No,Anonymous peer review
Economia Aplicada,Universidade de São Paulo,Brazil,Social Sciences,100,32,No,Double anonymous peer review
"Engaging Science, Technology, and Society",Society for Social Studies of Science,United States,Technology,100,28,No,Double anonymous peer review
Neurología,Elsevier España,Spain,Medicine,100,28,Yes,Double anonymous peer review
Zeitschrift für Medizinische Physik,Elsevier,Germany,Medicine,100,28,Yes,Anonymous peer review
Journal of Combinatorial Algebra,EMS Press,Germany,Science,97,30,No,Anonymous peer review
L’Enseignement Mathématique,EMS Press,Germany,Science,96,30,No,Anonymous peer review
IIMB Management Review,Elsevier,United Kingdom,Social Sciences,93,32,Yes,Double anonymous peer review
Bulletin of Geography. Socio-Economic Series,Nicolaus Copernicus University in Toruń,Poland,Social Sciences,91,32,No,Double anonymous peer review
Ius Comitiãlis,Universidad Nacional Autónoma de México,Mexico,Law,90,25,No,Double anonymous peer review
Airea,University of Edinburgh,United Kingdom,Fine Arts,90,36,No,Double anonymous peer review
Proceedings of the International Conference on Applied Innovations in IT,Anhalt University of Applied Sciences,Germany,Science,90,30,Yes,Double anonymous peer review
Revue Belge d'Histoire Contemporaine,State Archives in Belgium,Belgium,History (General) and history of Europe,90,40,No,Double anonymous peer review
Revista Colombiana de Medicina Física y Rehabilitación,Asociación Colombiana de Medicina Física y Rehabilitación,Colombia,Medicine,90,28,No,Double anonymous peer review
Mantichora,Edizioni Museo Pasqualino,Italy,Fine Arts,90,36,No,Double anonymous peer review
Onco.News,Associação de Enfermagem Oncológica Portuguesa,Portugal,Medicine,90,28,No,Double anonymous peer review
Wildfowl,Wildfowl Press,United Kingdom,Science,90,30,No,Peer review
Latin American Journal of Central Banking,Elsevier,Netherlands,Social Sciences,89,32,Yes,Double anonymous peer review
Jurnal Fisika Flux,Lambung Mangkurat University Press,Indonesia,Science,88,30,Yes,Anonymous peer review
Psicologia Revista,Pontifícia Universidade Católica de São Paulo,Brazil,Philosophy. Psychology. Religion,88,30,No,Double anonymous peer review
Journal of Causal Inference,De Gruyter,Poland,Science,86,30,Yes,Anonymous peer review
Population (Éd. Française),Ined Editions,France,Social Sciences,84,32,No,Double anonymous peer review
Encounters in Translation,Association rencontres en traduction,France,Language and Literature,84,35.40000000000009,No,Double anonymous peer review
Estudios de Cultura Náhuatl,Universidad Nacional Autónoma de México (UNAM),Mexico,History (General) and history of Europe,84,40,No,Double anonymous peer review
Population (English Ed.),Ined Editions,France,Auxiliary sciences of history,84,40,No,Double anonymous peer review
Moduli,Cambridge University Press,United Kingdom,Science,83,30,Yes,Anonymous peer review
Journal of Spectral Theory,EMS Press,Germany,Science,82,30,No,Anonymous peer review
JAACAP Open,Elsevier,Netherlands,Medicine,82,28,Yes,Double anonymous peer review
Information Processing in Agriculture,Elsevier,Netherlands,Agriculture,82,28.600000000000023,Yes,Anonymous peer review
Corrosion Communications,Elsevier,Netherlands,Technology,81,28,Yes,Double anonymous peer review
Analytical Approaches to World Music,Analytical Approaches to World Music,United States,Music and books on Music,80,40,No,Double anonymous peer review
Revista Colombiana de Cardiología,Permanyer,Mexico,Medicine,80,28,No,Double anonymous peer review
Review (Institute of National Remembrance),Instytut Pamięci Narodowej - Komisja Ścigania Zbrodni przeciwko Narodowi Polskiemu,Poland,History (General) and history of Europe,80,40,No,Double anonymous peer review
Journal of BRICS Studies,UJ Press,South Africa,Political science,80,32,No,Double anonymous peer review
To Improve the Academy,Michigan Publishing Services,United States,Education,80,30,No,Double anonymous peer review
Mathematical Statistics and Learning,EMS Press,Germany,Science,80,30,No,Anonymous peer review
دراسات: العلوم التربوية,"Deanship of Scientific Research (DSR), the University of Jordan",Jordan,Education,80,30,Yes,Double anonymous peer review
Hong Kong Journal of Radiology,Hong Kong Academy of Medicine Press,Hong Kong,Medicine,80,28,No,Double anonymous peer review
Kuangchan zonghe liyong,"Institute of Multipurpose Utilization of Mineral Resources, Chinese Academy of Geological Sciences",China,Technology,80,28,Yes,Anonymous peer review
Commentarii Mathematici Helvetici,EMS Press,Germany,Science,79,30,No,Anonymous peer review
Cadernos de Psicologia Social do Trabalho,Universidade de São Paulo (USP),Brazil,Philosophy. Psychology. Religion,78,30,No,Peer review
Revista Eletrônica Científica da UERGS,Universidade Estadual do Rio Grande do Sul (UERGS),Brazil,Science,78,30,No,Double anonymous peer review
"Annales de l'Institut Henri Poincaré. C, Analyse non Linéaire",EMS Press,Germany,Science,76,30,No,Anonymous peer review
Health and Social Care Delivery Research,NIHR Journals Library,United Kingdom,Medicine,75,28,No,Anonymous peer review
Journal of Portuguese Linguistics,Open Library of Humanities,United Kingdom,Language and Literature,75,35.40000000000009,No,Double anonymous peer review
Acta Universitatis Wratislaviensis. Slavica Wratislaviensia,Wydawnictwo Uniwersytetu Wrocławskiego,Poland,Language and Literature,75,35.40000000000009,No,Double anonymous peer review
Sustainable Aquatic Research,Erkan Can,Türkiye,Agriculture,75,28.600000000000023,No,Double anonymous peer review
Annales de la Faculté des Sciences de Toulouse,Université de Toulouse,France,Science,75,30,No,Anonymous peer review
Journal of Fractal Geometry,EMS Press,Germany,Science,73,30,No,Anonymous peer review
Gallia,CNRS Éditions,France,Auxiliary sciences of history,72,40,No,Peer review
Indonesian Journal of Educational Research and Technology,Universitas Pendidikan Indonesia,Indonesia,Education,72,30,No,Peer review
Лесной журнал,Northern Arctic Federal University,Russian Federation,Agriculture,72,28.600000000000023,No,Double anonymous peer review
Revista Brasileira de Segurança Pública,Fórum Brasileiro de Segurança Pública,Brazil,Social Sciences,72,32,No,Double anonymous peer review
BIOM,Université Clermont Auvergne,France,Science,72,30,No,Double anonymous peer review
Educação e Pesquisa,"Universidade de São Paulo, Faculdade de Educação",Brazil,Education,72,30,No,Peer review
Journal of Philosophy of Emotion,Journal of Philosophy of Emotion,United States,Philosophy. Psychology. Religion,72,30,Yes,Double anonymous peer review
Viatica,Université Clermont Auvergne,France,Language and Literature,72,35.40000000000009,No,Double anonymous peer review
Mitochondrial DNA. Part B. Resources,Taylor & Francis Group,United Kingdom,Science,71,30,Yes,Anonymous peer review
Экономика региона,"Russian Academy of Sciences, Institute of Economics of the Ural Branch",Russian Federation,Social Sciences,71,32,Yes,Double anonymous peer review
British Journal of Political Science,Cambridge University Press,United Kingdom,Political science,71,32,Yes,Double anonymous peer review
BJPsych Open,Cambridge University Press,United Kingdom,Medicine,71,28,Yes,Anonymous peer review
Transnational Corporations Review,Elsevier,Netherlands,Social Sciences,71,32,Yes,Anonymous peer review
Politeja,Ksiegarnia Akademicka Publishing,Poland,Law,70,25,No,Double anonymous peer review
Tiedao biaozhun sheji,Editorial Office of Railway Standard Design,China,Law,70,25,Yes,Double anonymous peer review
Journal of Historians of Netherlandish Art,Historians of Netherlandish Art,United States,Fine Arts,70,36,No,Double anonymous peer review
Journal of the National Science Foundation of Sri Lanka,National Science Foundation of Sri Lanka,Sri Lanka,Science,70,30,Yes,Double anonymous peer review
Jixie qiangdu,Editorial Office of Journal of Mechanical Strength,China,Technology,70,28,Yes,Double anonymous peer review
Dental and Medical Problems,Wroclaw Medical University,Poland,Medicine,70,28,Yes,Double anonymous peer review
Zhongwai Gonglu,Editorial Office of Journal of China & Foreign Highway,China,Technology,70,28,Yes,Double anonymous peer review
Revue Internationale des Études du Développement,Éditions de la Sorbonne,France,Social Sciences,70,32,No,Double anonymous peer review
M@n@gement,Association International de Management Stratégique (AIMS),France,Social Sciences,70,32,No,Double anonymous peer review
Interfaces and Free Boundaries,EMS Press,Germany,Science,69,30,No,Anonymous peer review
Elemente der Mathematik,EMS Press,Germany,Science,69,30,No,Anonymous peer review
"Forum of Mathematics, Pi",Cambridge University Press,United Kingdom,Science,69,30,Yes,Anonymous peer review
Fangzai jianzai gongcheng xuebao,Journal of Disaster Prevention and Mitigation Engineering,China,Technology,68,28,Yes,Double anonymous peer review
Journal of Public Policy,Cambridge University Press,United Kingdom,Social Sciences,68,32,Yes,Double anonymous peer review
Pacific Arts,"eScholarship Publishing, University of California",United States,Fine Arts,67,36,No,Double anonymous peer review
Revista de la Unión Matemática Argentina,Unión Matemática Argentina,Argentina,Technology,67,28,No,Anonymous peer review
Actas Dermo-Sifiliográficas,Elsevier,Spain,Medicine,67,28,Yes,Double anonymous peer review
Memoirs of the European Mathematical Society,EMS Press,Germany,Science,66,30,No,Anonymous peer review
Journal of East Asian Studies,Cambridge University Press,United Kingdom,Law,66,25,Yes,Double anonymous peer review
Mayurqa,Edicions UIB,Spain,History (General) and history of Europe,65,40,No,Double anonymous peer review
Revista Brasileira de Medicina do Trabalho,Associação Nacional de Medicina do Trabalho,Brazil,Medicine,65,28,No,Open peer review
The Lancet: Digital Health,Elsevier,United Kingdom,Medicine,65,28,Yes,Anonymous peer review
Journal of Flood Risk Management,Wiley,United Kingdom,Technology,65,28,Yes,Anonymous peer review
"Forum of Mathematics, Sigma",Cambridge University Press,United Kingdom,Science,65,30,Yes,Peer review
Periskop,Foreningen Periskop - Forum for kunsthistorisk debat,Denmark,Fine Arts,64,36,No,Double anonymous peer review
Ankara Üniversitesi Eğitim Bilimleri Fakültesi Özel Eğitim Dergisi,Ankara University,Türkiye,Education,64,30,No,Double anonymous peer review
Data and Information Management,Elsevier,United Kingdom,Bibliography. Library science. Information resources,64,30,Yes,Double anonymous peer review
Green Energy and Intelligent Transportation,Elsevier,United Kingdom,Technology,64,28,Yes,Double anonymous peer review
Journal of Advanced Research,Elsevier,Netherlands,Medicine,64,28,Yes,Double anonymous peer review
Political Science Research and Methods,Cambridge University Press,United Kingdom,Political science,64,32,Yes,Anonymous peer review
Osgoode Hall Law Journal,Osgoode Hall Law School,Canada,Law,63,25,No,Double anonymous peer review
Glossa,Open Library of Humanities,United Kingdom,Language and Literature,62,35.40000000000009,No,Double anonymous peer review
Tidsskrift for Forskning i Sygdom og Samfund,The Association of Medical Anthropological Forum,Denmark,Medicine,62,28,No,Double anonymous peer review
Journal of the Formosan Medical Association,Elsevier,Netherlands,Medicine,62,28,Yes,Anonymous peer review
Diskurs,DuEPublico,Germany,Political science,62,32,No,Double anonymous peer review
Journal of Cartilage & Joint Preservation,Elsevier,Netherlands,Medicine,61,28,Yes,Double anonymous peer review
Methodist DeBakey Cardiovascular Journal,Houston Methodist DeBakey Heart & Vascular Center,United States,Medicine,61,28,No,Anonymous peer review
Wildlife Society Bulletin,Wiley,United States,Science,61,30,Yes,Anonymous peer review
Journal de la Société des Américanistes,Société des américanistes,France,Auxiliary sciences of history,60,40,No,Peer review
O Mundo da Saúde,Centro Universitário São Camilo,Brazil,Medicine,60,28,Yes,Double anonymous peer review
Srpski Istorijski Časopis,"Historical Association of Republika of Srpska ""Milorad Ekmecic""",Bosnia and Herzegovina,History (General) and history of Europe,60,40,No,Anonymous peer review
Brazilian Political Science Review,Brazilian Political Science Association,Brazil,Political science,60,32,Yes,Anonymous peer review
American Indian Culture and Research Journal,"eScholarship Publishing, University of California",United States,History America,60,41.19999999999999,No,Double anonymous peer review
Stochastic Systems,Institute for Operations Research and the Management Sciences (INFORMS),United States,Science,60,30,No,Anonymous peer review
AmLit,University of Graz,Austria,Language and Literature,60,35.40000000000009,No,Double anonymous peer review
Journal of Harbin University of Science and Technology,Harbin University of Science and Technology Publications,China,Technology,60,28,Yes,Double anonymous peer review
"Journal of Hospitality, Tourism & Cultural Research",Institute of Industry and Academic Research Incorporated,Philippines,Technology,60,28,Yes,Double anonymous peer review
Revue Archéologique de l’Est,Société archéologique de l’Est,France,Auxiliary sciences of history,60,40,No,Peer review
Gender,Verlag Barbara Budrich,Germany,Social Sciences,60,32,No,Double anonymous peer review
Studia Iberystyczne,Ksiegarnia Akademicka Publishing,Poland,Language and Literature,60,35.40000000000009,No,Double anonymous peer review
مجله علوم تربیتی,Shahid Chamran University of Ahvaz,"Iran, Islamic Republic of",Education,60,30,Yes,Peer review
Combinatorial Theory,"eScholarship Publishing, University of California",United States,Science,60,30,No,Double anonymous peer review
Theory of Computing,Theory of Computing Exchange,United States,Science,60,30,No,Anonymous peer review
"Недвижимость: экономика, управление",Publishing House ASV,Russian Federation,Social Sciences,60,32,No,Double anonymous peer review
The Indian Journal of Agricultural Sciences,Indian Council of Agricultural Research,India,Agriculture,60,28.600000000000023,No,Peer review
Zeitschrift für Rechtsextremismusforschung,Verlag Barbara Budrich,Germany,Political science,60,32,No,Double anonymous peer review
The Journal of Nursing Research,Wolters Kluwer,United Kingdom,Medicine,60,28,No,Double anonymous peer review
Research for All,UCL Press,United Kingdom,General Works,60,30.200000000000045,No,Double anonymous peer review
L’Éducation en Débats,Bibliothèque de l'Université de Genève,Switzerland,Education,60,30,No,Double anonymous peer review
Sungkyun Journal of East Asian Studies,Duke University Press,United States,History (General) and history of Europe,60,40,No,Double anonymous peer review
Pragmalingüística,Universidad de Cádiz,Spain,Language and Literature,60,35.40000000000009,No,Double anonymous peer review
RadiX,Verlag Barbara Budrich,Germany,Social Sciences,60,32,No,Double anonymous peer review
Universidad y Salud,Universidad de Nariño,Colombia,Medicine,60,28,No,Double anonymous peer review
Clinical and Experimental Pediatrics,The Korean Pediatric Society,"Korea, Republic of",Medicine,60,28,No,Peer review
Dizhen xuebao,Editorial Office of Acta Seismologica Sinica,China,Science,60,30,Yes,Anonymous peer review
Cirugía Cardiovascular,Elsevier,Spain,Medicine,60,28,Yes,Double anonymous peer review
Slavia,Institute of Slavonic Studies of the Czech Academy of Sciences,Czechia,Language and Literature,60,35.40000000000009,No,Double anonymous peer review
Lusitania Sacra,Universidade Católica Portuguesa,Portugal,Philosophy. Psychology. Religion,60,30,No,Double anonymous peer review
Círculo de Lingüística Aplicada a la Comunicación,Ediciones Complutense,Spain,Language and Literature,59,35.40000000000009,No,Double anonymous peer review
Revista Colombiana de Ortopedia y Traumatología,Sociedad Colombiana de Cirugía Ortopédica y Traumatología,Colombia,Medicine,59,28,No,Double anonymous peer review
International Journal of Development Education and Global Learning,UCL Press,United Kingdom,Education,59,30,No,Double anonymous peer review
Revista Matemática Iberoamericana,EMS Press,Germany,Science,59,30,No,Anonymous peer review
Biomedical Journal,Elsevier,Netherlands,Medicine,59,28,Yes,Double anonymous peer review
Canadian Journal of Law and Society,Cambridge University Press,United Kingdom,Law,59,25,Yes,Double anonymous peer review
Hozen seitaigaku kenkyu,The Ecological Society of Japan,Japan,Science,58,30,Yes,Anonymous peer review
Contact,SAGE Publishing,United States,Science,58,30,Yes,Double anonymous peer review
Politics and Religion,Cambridge University Press,United Kingdom,Political science,58,32,Yes,Double anonymous peer review
Quantum Topology,EMS Press,Germany,Science,58,30,No,Anonymous peer review
Acta Scientiarum Polonorum: Hortorum Cultus,University of Life Sciences in Lublin - Publishing House,Poland,Science,58,30,Yes,Double anonymous peer review
Annals of Representation Theory,NTNU,Norway,Science,58,30,No,Peer review
Engineering,Elsevier,Netherlands,Technology,58,28,Yes,Anonymous peer review
Journal of Ayurveda and Integrative Medicine,Elsevier,Netherlands,Medicine,58,28,No,Double anonymous peer review
Revista Argentina de Microbiología,Elsevier España,Spain,Medicine,58,28,Yes,Double anonymous peer review
مدل‌سازی پیشرفته ریاضی,Shahid Chamran University of Ahvaz,"Iran, Islamic Republic of",Science,57,30,No,Double anonymous peer review
Miscelánea de Estudios Árabes y Hebraicos. Sección Árabe-Islam,University of Granada,Spain,Philosophy. Psychology. Religion,57,30,No,Double anonymous peer review
Alexandria,Universidade Federal de Santa Catarina,Brazil,Education,57,30,No,Double anonymous peer review
فقه و اصول,Ferdowsi University of Mashhad,"Iran, Islamic Republic of",Law,56,25,Yes,Double anonymous peer review
St Andrews Encyclopaedia of Theology,St Andrews Encyclopaedia of Theology,United Kingdom,Philosophy. Psychology. Religion,56,30,No,Double anonymous peer review
Diagnostic and Interventional Radiology,Turkish Society of Radiology,Türkiye,Medicine,56,28,Yes,Double anonymous peer review
Filosofia Unisinos,Universidade do Vale do Rio dos Sinos,Brazil,Philosophy. Psychology. Religion,56,30,No,Double anonymous peer review
JISR Management and Social Sciences & Economics,Shaheed Zulfikar Ali Bhutto Institute of Science and Technology,Pakistan,Social Sciences,56,32,No,Double anonymous peer review
Mesure et Évaluation en Éducation,ADMEE-Canada,Canada,Education,56,30,No,Double anonymous peer review
Zeszyty Naukowe Uniwersytetu Ekonomicznego w Krakowie,Krakow University of Economics,Poland,Social Sciences,56,32,No,Double anonymous peer review
Annales Academiae Medicae Silesiensis,Śląski Uniwersytet Medyczny w Katowicach,Poland,Medicine,56,28,No,Double anonymous peer review
Zhendong Ceshi yu Zhenduan,"Editorial Department of Journal of Vibration, Measurement & Diagnosis",China,Technology,56,28,Yes,Anonymous peer review
Promet (Zagreb),"University of Zagreb, Faculty of Transport and Traffic Sciences",Croatia,Technology,56,28,Yes,Double anonymous peer review
International Theory,Cambridge University Press,United Kingdom,Political science,56,32,Yes,Double anonymous peer review
Journal of Ayurveda Case Reports,Wolters Kluwer Medknow Publications,India,Medicine,56,28,No,Double anonymous peer review
پژوهش سیستم‌های بس‌ذره‌ای,Shahid Chamran University of Ahvaz,"Iran, Islamic Republic of",Science,55,30,No,Peer review
Arena Hukum,Universitas Brawijaya,Indonesia,Law,55,25,No,Double anonymous peer review
Jianzhu Gangjiegou Jinzhan,"Editorial Department of Progress in Steel Building Structures, Tongji University",China,Technology,55,28,Yes,Double anonymous peer review
Farmacia Hospitalaria,Elsevier,Spain,Medicine,55,28,Yes,Double anonymous peer review
Enseñanza de las Ciencias,Universitat Autònoma de Barcelona,Spain,Education,55,30,No,Double anonymous peer review
Türk Fizyoterapi ve Rehabilitasyon Dergisi,Turkish Physiotherapy Association,Türkiye,Medicine,55,28,Yes,Double anonymous peer review
European Political Science Review,Cambridge University Press,United Kingdom,Political science,55,32,Yes,Double anonymous peer review
Journal of Student-Run Clinics,Society of Student-Run Free Clinics,United States,Medicine,54,28,No,Anonymous peer review
Literatura y Lingüística,UCSH,Chile,Language and Literature,54,35.40000000000009,No,Double anonymous peer review
Doxa,Universidad de Alicante,Spain,Law,54,25,No,Double anonymous peer review
Revista de Cancioneros Impresos y Manuscritos,Universidad de Alicante,Spain,Language and Literature,54,35.40000000000009,No,Double anonymous peer review
Advances in Clinical and Experimental Medicine,Wroclaw Medical University,Poland,Medicine,54,28,Yes,Double anonymous peer review
Alteridades,Universidad Autónoma Metropolitana Unidad Iztapalapa,Mexico,Social Sciences,54,32,No,Double anonymous peer review
Bellas Artes,Universidad de La Laguna,Spain,Fine Arts,54,36,No,Double anonymous peer review
MHSalud,Universidad Nacional,Costa Rica,Medicine,54,28,No,Double anonymous peer review
Památky Archeologické,"Institute of Archaeology of the Czech Academy of Sciences, Prague",Czechia,Auxiliary sciences of history,54,40,No,Anonymous peer review
Current Research in Insect Science,Elsevier,Netherlands,Science,54,30,Yes,Anonymous peer review
Journal of Urban Management,Elsevier,Netherlands,Social Sciences,54,32,Yes,Double anonymous peer review
Revista Española de Cirugía Ortopédica y Traumatología,Elsevier,Spain,Medicine,54,28,Yes,Double anonymous peer review
The Lancet Microbe,Elsevier,United Kingdom,Medicine,54,28,Yes,Anonymous peer review
Journal of Experimental Political Science,Cambridge University Press,United Kingdom,Political science,54,32,Yes,Double anonymous peer review
Convergencia,Universidad Autónoma del Estado de México,Mexico,Political science,53,32,No,Double anonymous peer review
RSF: The Russell Sage Foundation Journal of the Social Sciences,Russell Sage Foundation,United States,Social Sciences,53,32,No,Anonymous peer review
مطالعات مدیریت ورزشی,Sport Sciences Research Institute,"Iran, Islamic Republic of",Geography. Anthropology. Recreation,53,33,Yes,Double anonymous peer review
Psychological Test Adaptation and Development,Hogrefe Publishing Group,Germany,Philosophy. Psychology. Religion,53,30,Yes,Double anonymous peer review
Treballs de Sociolingüística Catalana,Societat Catalana de Sociolingüística,Spain,Language and Literature,53,35.40000000000009,No,Double anonymous peer review
Geographica Helvetica,Copernicus Publications,Germany,Geography. Anthropology. Recreation,53,33,No,Double anonymous peer review
Développement Durable et Territoires,Réseau Développement Durable et Territoires Fragiles,France,Geography. Anthropology. Recreation,53,33,No,Double anonymous peer review
Southern Spaces,Emory Center for Digital Scholarship,United States,Geography. Anthropology. Recreation,53,33,No,Double anonymous peer review
Métropoles,Métropoles,France,Fine Arts,53,36,No,Double anonymous peer review
Laboratoire Italien,École Normale Supérieure de Lyon Editions,France,Social Sciences,53,32,No,Anonymous peer review
Punto Género,Universidad de Chile,Chile,Social Sciences,53,32,No,Double anonymous peer review
Communication,Université Laval,Canada,Language and Literature,53,35.40000000000009,No,Double anonymous peer review
Efficacy and Mechanism Evaluation,NIHR Journals Library,United Kingdom,Medicine,53,28,No,Anonymous peer review
Open Mind,The MIT Press,United States,Philosophy. Psychology. Religion,53,30,No,Double anonymous peer review
Asian Development Review,World Scientific Publishing,Singapore,Social Sciences,53,32,No,Double anonymous peer review
Polar Research,Norwegian Polar Institute,Norway,Geography. Anthropology. Recreation,53,33,Yes,Anonymous peer review
Taal en Tongval: Language Variation in the Low Countries,Amsterdam University Press,Netherlands,Language and Literature,53,35.40000000000009,Yes,Double anonymous peer review
Polimery w Medycynie,Wroclaw Medical University,Poland,Technology,53,28,No,Double anonymous peer review
Études Lawrenciennes,Presses Universitaires de Paris Nanterre,France,Language and Literature,53,35.40000000000009,No,Peer review
Atrio.,Universidad Pablo de Olavide,Spain,Fine Arts,53,36,No,Double anonymous peer review
Revista Brasileira de Biometria,Universidade Federal de Lavras,Brazil,Social Sciences,53,32,No,Double anonymous peer review
Ciência Florestal,Universidade Federal de Santa Maria,Brazil,Agriculture,53,28.600000000000023,Yes,Peer review
Acta Scientiarum. Education,Universidade Estadual de Maringá,Brazil,Education,53,30,No,Double anonymous peer review
Journal of Statistical Software,Foundation for Open Access Statistics,United States,Social Sciences,53,32,No,Peer review
Euphrosyne,Brepols Publishers,Belgium,Language and Literature,53,35.40000000000009,No,Double anonymous peer review
Interfaces da Educação,Universidade Estadual de Mato Grosso do Sul,Brazil,Education,53,30,No,Anonymous peer review
Le Matematiche,Università degli Studi di Catania,Italy,Science,53,30,No,Peer review
Arqueologia,"Instituto de Arqueología, Facultad de Filosofía y Letras, Universidad de Buenos Aires",Argentina,Auxiliary sciences of history,53,40,No,Anonymous peer review
فیزیولوژی ورزشی,Sport Sciences Research Institute,"Iran, Islamic Republic of",Geography. Anthropology. Recreation,53,33,Yes,Double anonymous peer review
Adansonia,Publications scientifiques du Muséum,France,Agriculture,53,28.600000000000023,No,Peer review
Revista de Investigación en Psicología,Universidad Nacional Mayor de San Marcos,Peru,Philosophy. Psychology. Religion,53,30,No,Double anonymous peer review
Journal of Maps,Taylor & Francis Group,United Kingdom,Geography. Anthropology. Recreation,53,33,Yes,Open peer review
Ideas y Valores,Universidad Nacional de Colombia,Colombia,Philosophy. Psychology. Religion,53,30,No,Double anonymous peer review
Asclepio: Revista de Historia de la Medicina y de la Ciencia,Consejo Superior de Investigaciones Científicas,Spain,General Works,53,30.200000000000045,No,Anonymous peer review
Didasc@lia: didáctica y educación,Universidad de Las Tunas,Cuba,Education,53,30,No,Double anonymous peer review
Revista Brasileira de Saúde Ocupacional,Fundacentro,Brazil,Medicine,53,28,No,Double anonymous peer review
Innovar: Revista de Ciencias Administrativas y Sociales,Universidad Nacional de Colombia,Colombia,Social Sciences,53,32,No,Anonymous peer review
Water S.A.,Water Research Commission,South Africa,Technology,53,28,No,Anonymous peer review
Astérion,École Normale Supérieure de Lyon,France,History (General) and history of Europe,53,40,No,Editorial review
Les Cahiers de l'École du Louvre,École du Louvre,France,Fine Arts,53,36,No,Editorial review
Brazilian Journal of Oceanography,Universidade de São Paulo,Brazil,Geography. Anthropology. Recreation,53,33,No,Peer review
Health Services and Delivery Research,National Institute for Health Research,United Kingdom,Medicine,53,28,No,Anonymous peer review
Revista Internacional de Sociología,Consejo Superior de Investigaciones Científicas,Spain,Social Sciences,53,32,No,Anonymous peer review
Nova Economia,Universidade Federal de Minas Gerais,Brazil,Social Sciences,53,32,No,Peer review
Teaching and Learning in Communication Sciences & Disorders,Illinois State University,United States,Education,53,30,No,Double anonymous peer review
Personnel Assessment and Decisions,International Personnel Assessment Council (IPAC),United States,Social Sciences,53,32,No,Double anonymous peer review
Cell Adhesion & Migration,Taylor & Francis Group,United Kingdom,Science,53,30,Yes,Anonymous peer review
Tidsskrift for velferdsforskning,Universitetsforlaget,Norway,Social Sciences,53,32,No,Double anonymous peer review
Korean Journal of Family Medicine,The Korean Academy of Family Medine,"Korea, Republic of",Medicine,53,28,No,Double anonymous peer review
Health Technology Assessment,NIHR Journals Library,United Kingdom,Medicine,53,28,No,Anonymous peer review
Journal of European Psychology Students,European Federation of Psychology Students' Associations,Belgium,Medicine,53,28,Yes,Double anonymous peer review
Advances in Rheumatology,BMC,United Kingdom,Medicine,53,28,Yes,Double anonymous peer review
The Nordic Atlas of Language Structures (NALS) Journal,University of Oslo,Norway,Language and Literature,53,35.40000000000009,No,Anonymous peer review
Acute Medicine & Surgery,Wiley,United States,Medicine,53,28,Yes,Anonymous peer review
Blockchain: Research and Applications,Elsevier,United Kingdom,Technology,53,28,No,Double anonymous peer review
Lien Social et Politiques,INRS - Centre Urbanisation Culture Société,Canada,Political science,53,32,No,Double anonymous peer review
Neurología (English Edition),Elsevier España,Spain,Medicine,53,28,No,Double anonymous peer review
GCB Bioenergy,Wiley,United Kingdom,Technology,53,28,Yes,Anonymous peer review
Journal of Palaeogeography,Elsevier,Netherlands,Science,53,30,Yes,Double anonymous peer review
مدیریت و توسعه ورزش,University of Guilan,"Iran, Islamic Republic of",Geography. Anthropology. Recreation,53,33,Yes,Double anonymous peer review
Science & Technology Studies,European Association for the Study of Science and Technology (EASST); Finnish Association for Science and Technology Studies (FSTS),Finland,Technology,53,28,No,Double anonymous peer review
Programme Grants for Applied Research,NIHR Journals Library,United Kingdom,Medicine,53,28,No,Anonymous peer review
"História, Ciências, Saúde: Manguinhos","Fundação Oswaldo Cruz, Casa de Oswaldo Cruz",Brazil,Medicine,53,28,No,Peer review
Colombia Internacional,Universidad de los Andes,Colombia,Political science,52,32,No,Double anonymous peer review
International Journal of Multicultural Education,Yonsei University,"Korea, Republic of",Education,52,30,No,Double anonymous peer review
Ibérica,Asociación Europea de Lenguas para Fines Específicos,Spain,Language and Literature,52,35.40000000000009,No,Anonymous peer review
Journal of Austrian-American History,Penn State University Press,United States,History (General) and history of Europe,52,40,No,Double anonymous peer review
Journal of the Austrian Association for American Studies,University of Innsbruck,Austria,Language and Literature,52,35.40000000000009,No,Double anonymous peer review
"Archiwa, Biblioteki i Muzea Kościelne",The John Paul II Catholic University of Lublin,Poland,Bibliography. Library science. Information resources,52,30,No,Double anonymous peer review
Dumbarton Oaks Papers,Dumbarton Oaks Research Library and Collection,United States,History (General) and history of Europe,52,40,No,Double anonymous peer review
İzmir İktisat Dergisi,Dokuz Eylül University,Türkiye,Social Sciences,52,32,No,Double anonymous peer review
Literatura i Kultura Popularna,Wydawnictwo Uniwersytetu Wrocławskiego,Poland,Language and Literature,52,35.40000000000009,No,Double anonymous peer review
علوم قرآن و حدیث,Ferdowsi University of Mashhad,"Iran, Islamic Republic of",Philosophy. Psychology. Religion,52,30,Yes,Double anonymous peer review
Parole Rubate,Nicola Catelli - Corrado Confalonieri,Italy,Language and Literature,52,35.40000000000009,No,Double anonymous peer review
Journal of Law and Political Economy,"University of California, Berkeley",United States,Political science,52,32,No,Double anonymous peer review
Revista INVI,Universidad de Chile,Chile,Fine Arts,52,36,No,Double anonymous peer review
Terrains/Théories,Presses universitaires de Paris Nanterre,France,Philosophy. Psychology. Religion,52,30,No,Double anonymous peer review
Revue des Mondes Musulmans et de la Méditerranée,Université de Provence,France,History (General) and history of Europe,52,40,No,Double anonymous peer review
Revista de Estudos Jurídicos da UNESP,Universidade Estadual Paulista Júlio de Mesquita Filho (UNESP),Brazil,Law,52,25,No,Double anonymous peer review
The Australian Journal of Indigenous Education,"Aboriginal and Torres Strait Islander Studies Unit, The University of Queensland",Australia,Education,52,30,No,Double anonymous peer review
Sistemnì Doslìdženâ ta Informacìjnì Tehnologìï,Igor Sikorsky Kyiv Polytechnic Institute,Ukraine,Science,52,30,No,Anonymous peer review
Studia Źródłoznawcze,Tadeusz Manteuffel Institute of History of the Polish Academy of Sciences,Poland,Auxiliary sciences of history,52,40,No,Double anonymous peer review
Journal of Humanistic Mathematics,Claremont Colleges Library,United States,Science,52,30,No,Double anonymous peer review
Mathematica Bohemica,Institute of Mathematics of the Czech Academy of Science,Czechia,Science,52,30,No,Peer review
Drewno,Łukasiewicz Research Network - Poznan Institute of Technology,Poland,Agriculture,52,28.600000000000023,No,Double anonymous peer review
Pensamiento. Revista de Investigación e Información Filosófica,Universidad Pontificia Comillas,Spain,Philosophy. Psychology. Religion,52,30,No,Peer review
Éducation et Socialisation,Presses universitaires de la Méditerranée,France,Education,52,30,No,Double anonymous peer review
Rehman Journal of Health Sciences,Rehman Medical Institute,Pakistan,Medicine,52,28,No,Double anonymous peer review
MediaTropes,University of Toronto Libraries,Canada,Fine Arts,52,36,No,Peer review
Studia Warmińskie,Wydawnictwo Uniwersytetu Warmińsko-Mazurskiego w Olsztynie,Poland,Philosophy. Psychology. Religion,52,30,No,Double anonymous peer review
Східноєвропейський історичний вісник,Drohobych Ivan Franko State Pedagogical University,Ukraine,History (General) and history of Europe,52,40,No,Double anonymous peer review
Ateliers d'Anthropologie,Laboratoire d'Ethnologie et de Sociologie Comparative,France,Geography. Anthropology. Recreation,52,33,No,Peer review
International Journal of Gerontology,Taiwan Society of Geriatric Emergency and Critical Medicine (TSGECM),"Taiwan, Province of China",Medicine,52,28,Yes,Anonymous peer review
Revista Iberoamericana de Estudios de Desarrollo,"Universidad de Zaragoza, Cátedra de Solidaridad y Ciudadanía Global",Spain,Social Sciences,52,32,No,Double anonymous peer review
Mondes du Tourisme,Éditions Touristiques Européennes,France,Geography. Anthropology. Recreation,52,33,No,Double anonymous peer review
Espiral,Universidad de Guadalajara,Mexico,Social Sciences,52,32,No,Double anonymous peer review
RECIIS,Instituto de Comunicação e Informação Científica e Tecnológica em Saúde (Icict) da Fundação Oswaldo Cruz (Fiocruz),Brazil,Language and Literature,52,35.40000000000009,No,Double anonymous peer review
Virginia Libraries,Virginia Tech Libraries,United States,Bibliography. Library science. Information resources,52,30,No,Anonymous peer review
Health Residencies Journal,Escola Superior de Ciências da Saúde,Brazil,Education,52,30,No,Double anonymous peer review
Focus on Health Professional Education,ANZAHPE (Australian and New Zealand Association for Health Professional Educators),Australia,Education,52,30,Yes,Double anonymous peer review
Ensaio,Fundação CESGRANRIO,Brazil,Education,52,30,No,Double anonymous peer review
Digital Defoe: Studies in Defoe & His Contemporaries,Western Washington University,United States,Language and Literature,52,35.40000000000009,No,Double anonymous peer review
Revista Brasileira de Estudos Regionais e Urbanos,Associação Brasileira de Estudos Regionais e Urbanos (ABER),Brazil,Social Sciences,52,32,No,Double anonymous peer review
China Accounting and Finance Review,Emerald Publishing,United Kingdom,Social Sciences,52,32,No,Double anonymous peer review
Revista Educação e Cultura Contemporânea,Universidade Estácio de Sá,Brazil,Education,52,30,No,Peer review
Revue d'Études Autochtones,Société Recherches autochtones au Québec,Canada,Geography. Anthropology. Recreation,52,33,No,Double anonymous peer review
Prace Filologiczne. Literaturoznawstwo,University of Warsaw Press,Poland,Language and Literature,52,35.40000000000009,No,Double anonymous peer review
Signata,Université de liège,Belgium,Language and Literature,52,35.40000000000009,No,Double anonymous peer review
Netherlands Quarterly of Human Rights,SAGE Publishing,United Kingdom,Political science,52,32,No,Double anonymous peer review
Forma y Función,Universidad Nacional de Colombia,Colombia,Language and Literature,52,35.40000000000009,No,Peer review
Quantitative Economics,Econometric Society,United States,Social Sciences,52,32,Yes,Peer review
Wrocławski Rocznik Historii Mówionej,"Ośrodek ""Pamięć i Przyszłość"" - ""Remembrance and Future"" Centre",Poland,Social Sciences,52,32,No,Double anonymous peer review
Archéologie Médiévale,OpenEdition,France,Auxiliary sciences of history,52,40,No,Double anonymous peer review
Kwartalnik Historii Kultury Materialnej,Institute of Archaeology and Ethnology Polish Academy of Sciences,Poland,Auxiliary sciences of history,52,40,No,Double anonymous peer review
Biens Symboliques,Presses universitaires de Paris Nanterre,France,Language and Literature,52,35.40000000000009,No,Double anonymous peer review
Antropolítica : Revista Contemporânea de Antropologia,"Universidade Federal Fluminense, Programa de Pós-Graduação em Antropologia",Brazil,Geography. Anthropology. Recreation,52,33,No,Double anonymous peer review
Dialogues d'Histoire Ancienne,Presses Universitaires de Franche-Comté (PUFC),France,Auxiliary sciences of history,52,40,No,Double anonymous peer review
INFORMS Transactions on Education,Institute for Operations Research and the Management Sciences (INFORMS),United States,Education,52,30,No,Peer review
Survey Research Methods,European Survey Research Association,United Kingdom,Social Sciences,52,32,No,Anonymous peer review
Odrodzenie i Reformacja w Polsce,Tadeusz Manteuffel Institute of History of the Polish Academy of Sciences,Poland,History (General) and history of Europe,52,40,No,Double anonymous peer review
Film-Philosophy,Edinburgh University Press,United Kingdom,Language and Literature,52,35.40000000000009,No,Double anonymous peer review
مهندسی صنایع و مدیریت شریف,Sharif University Of Technology,"Iran, Islamic Republic of",Technology,52,28,No,Peer review
Filologia Polska,University of Zielona Góra,Poland,Language and Literature,52,35.40000000000009,No,Double anonymous peer review
IdeAs,Institut des Amériques,France,History America,52,41.19999999999999,No,Double anonymous peer review
Genre & Histoire,Association Mnémosyne,France,Social Sciences,52,32,No,Double anonymous peer review
Clio@Themis,Association Clio et Themis,France,Social Sciences,52,32,No,Double anonymous peer review
Journal of the Text Encoding Initiative,Text Encoding Initiative Consortium,United States,Science,52,30,No,Peer review
Nanjing Hangkong Hangtian Daxue Xuebao,Editorial Office of Journal of Nanjing University of Aeronautics and Astronautics,China,Technology,52,28,Yes,Double anonymous peer review
Neo-Victorian Studies,Swansea University,United Kingdom,History (General) and history of Europe,52,40,No,Double anonymous peer review
Recherches en didactique des langues et des cultures,ACEDLE,France,Education,52,30,No,Double anonymous peer review
Revista Colombiana de Ciencias Pecuarias,Universidad de Antioquia,Colombia,Agriculture,52,28.600000000000023,Yes,Double anonymous peer review
International Journal of Young Adult Literature,Fincham Press,United Kingdom,Language and Literature,52,35.40000000000009,No,Double anonymous peer review
Lengas,Presses universitaires de la méditerranée,France,Language and Literature,52,35.40000000000009,No,Double anonymous peer review
Culture and Local Governance,University of Ottawa,Canada,Social Sciences,52,32,No,Double anonymous peer review
Journal of Computational Geometry,Carleton University,Canada,Science,52,30,No,Anonymous peer review
Estudios Atacameños,Universidad Católica del Norte,Chile,Auxiliary sciences of history,52,40,No,Double anonymous peer review
Canadian Journal of Applied Linguistics,University of New Brunswick,Canada,Language and Literature,52,35.40000000000009,No,Double anonymous peer review
Jisuanji kexue,Editorial office of Computer Science,China,Science,52,30,Yes,Anonymous peer review
Ephemera: Theory and Politics in Organization,Ephemera Editorial Collective,United Kingdom,Social Sciences,52,32,No,Double anonymous peer review
Revista Interamericana de Bibliotecología,Universidad de Antioquía,Colombia,Bibliography. Library science. Information resources,52,30,No,Double anonymous peer review
Romanica Wratislaviensia,Wydawnictwo Uniwersytetu Wrocławskiego,Poland,Language and Literature,52,35.40000000000009,No,Double anonymous peer review
Historia Crítica,Universidad de los Andes,Colombia,History (General) and history of Europe,52,40,No,Double anonymous peer review
Oral Tradition,"Center for Hellenic Studies, Trustees for Harvard University",United States,Geography. Anthropology. Recreation,52,33,No,Anonymous peer review
Names,"University Library System, University of Pittsburgh",United States,Language and Literature,52,35.40000000000009,No,Anonymous peer review
"Cidades, Comunidades e Território","DINÂMIA’CET – IUL, Centre for Socioeconomic and Territorial Studies",Portugal,Fine Arts,52,36,No,Double anonymous peer review
Tabularia,OpenEdition,France,History (General) and history of Europe,52,40,No,Double anonymous peer review
Almanach Historyczny,Jan Kochanowski University Press,Poland,History (General) and history of Europe,52,40,No,Double anonymous peer review
Revista CS,Universidad Icesi,Colombia,Social Sciences,52,32,No,Double anonymous peer review
Electronic British Library Journal,The British Library,United Kingdom,General Works,52,30.200000000000045,No,Double anonymous peer review
European Journal of Life Writing,University of Groningen Press,Netherlands,Auxiliary sciences of history,52,40,No,Peer review
Wrocławsko-Lwowskie Zeszyty Prawnicze,Wydawnictwo Uniwersytetu Wrocławskiego,Poland,Law,52,25,No,Double anonymous peer review
Traits d'Union,Université Sorbonne Nouvelle,France,Social Sciences,52,32,No,Double anonymous peer review
Comunicación y Sociedad,Universidad de Guadalajara,Mexico,Social Sciences,52,32,No,Double anonymous peer review
Aitia,ENS Éditions,France,History (General) and history of Europe,52,40,No,Anonymous peer review
Afriques,Institut des Mondes Africains,France,History (General) and history of Europe,52,40,No,Double anonymous peer review
Recherches Sociologiques et Anthropologiques,Université Catholique de Louvain,Belgium,Geography. Anthropology. Recreation,52,33,No,Double anonymous peer review
Revista de Estudios Sociales,Universidad de los Andes,Colombia,Social Sciences,52,32,No,Double anonymous peer review
Journal of the LUCAS Graduate Conference,Leiden University Library,Netherlands,Philosophy. Psychology. Religion,52,30,No,Double anonymous peer review
Pallas,Presses universitaires du Midi,France,Social Sciences,52,32,No,Anonymous peer review
Diabetes & Metabolism Journal,Korean Diabetes Association,"Korea, Republic of",Medicine,52,28,Yes,Peer review
Mamlūk Studies Review,"Middle East Documentation Center (MEDOC), University of Chicago",United States,History (General) and history of Europe,52,40,No,Anonymous peer review
Kepes,Universidad de Caldas,Colombia,Fine Arts,52,36,No,Double anonymous peer review
Studia Geohistorica,Tadeusz Manteuffel Institute of History of the Polish Academy of Sciences,Poland,Geography. Anthropology. Recreation,52,33,No,Double anonymous peer review
Revue Hybride de l'Éducation (RHÉ),Université du Québec à Chicoutimi,Canada,Education,52,30,No,Double anonymous peer review
Estudios de Asia y África,"El Colegio de México, A.C.",Mexico,History (General) and history of Europe,52,40,No,Double anonymous peer review
"Ex-centric Narratives: Journal of Anglophone Literature, Culture and Media","School of English, Aristotle University of Thessaloniki, Greece",Greece,Language and Literature,52,35.40000000000009,No,Double anonymous peer review
Journal of Feminist Scholarship,"University of Massachusetts, Dartmouth",United States,Social Sciences,52,32,No,Double anonymous peer review
Southern African Journal of Infectious Diseases,AOSIS,South Africa,Medicine,52,28,Yes,Double anonymous peer review
South African Journal of Economic and Management Sciences,AOSIS,South Africa,Social Sciences,52,32,Yes,Double anonymous peer review
Critical Gambling Studies,University of Alberta Library,Canada,Geography. Anthropology. Recreation,52,33,No,Double anonymous peer review
Algebraic Geometry,Foundation Compositio Mathematica,Netherlands,Science,52,30,No,Peer review
South African Journal of Science,Academy of Science of South Africa,South Africa,Science,52,30,No,Double anonymous peer review
Germanica Wratislaviensia,Wydawnictwo Uniwersytetu Wrocławskiego,Poland,Language and Literature,52,35.40000000000009,No,Double anonymous peer review
Journal of Historical Syntax,University of Konstanz,Germany,History (General) and history of Europe,52,40,No,Anonymous peer review
PlaNext,AESOP Association of the European Schools of Planning,Belgium,Social Sciences,52,32,No,Anonymous peer review
Ebisu: Études Japonaises,Institut français de recherche sur le Japon à la Maison franco-japonaise,Japan,Social Sciences,52,32,No,Double anonymous peer review
Journal of Economics Teaching,Journal of Economics Teaching,United States,Social Sciences,52,32,No,Double anonymous peer review
Janus,Sosiaalipoliittinen yhdistys,Finland,Social Sciences,52,32,No,Double anonymous peer review
Historia Mexicana El Colegio de México,"El Colegio de México, A.C.",Mexico,History America,52,41.19999999999999,No,Double anonymous peer review
Limaq,Universidad de Lima,Peru,Fine Arts,52,36,No,Double anonymous peer review
Meander,"Committee on Ancient Culture, Polish Academy of Sciences / Institute of Classical Studies, Faculty of Polish Studies, University of Warsaw",Poland,History (General) and history of Europe,52,40,No,Double anonymous peer review
Artl@s Bulletin,Purdue University Press,United States,Social Sciences,52,32,No,Anonymous peer review
Guoji laonian yixue zazhi,Editorial Office of International Journal of Geriatrics,China,Medicine,52,28,Yes,Anonymous peer review
Theoretical Economics,Econometric Society,United States,Social Sciences,52,32,Yes,Peer review
The European Journal of Comparative Economics,Università Carlo Cattaneo LIUC,Italy,Social Sciences,52,32,No,Anonymous peer review
BBR: Brazilian Business Review,FUCAPE Business School,Brazil,Social Sciences,52,32,No,Double anonymous peer review
British Art Studies,Yale University,United Kingdom,Fine Arts,52,36,No,Anonymous peer review
Sociedad y Economía,Programa Editorial de la Universidad del Valle,Colombia,Social Sciences,52,32,No,Peer review
Educare,Malmö University Press,Sweden,Education,52,30,No,Double anonymous peer review
Ecology and Society,Resilience Alliance,United States,Science,52,30,Yes,Double anonymous peer review
Revista de Direito Sanitário,Universidade de São Paulo,Brazil,Law,52,25,No,Double anonymous peer review
LHUMAINE,MSH,France,Language and Literature,52,35.40000000000009,No,Double anonymous peer review
Norsk Antropologisk Tidsskrift,Scandinavian University Press,Norway,Geography. Anthropology. Recreation,52,33,No,Double anonymous peer review
Norsk Medietidsskrift,Universitetsforlaget,Norway,Language and Literature,52,35.40000000000009,No,Double anonymous peer review
Tidsskrift for Kjønnsforskning,Scandinavian University Press,Norway,Social Sciences,52,32,No,Double anonymous peer review
Resonancias,Pontificia Universidad Católica de Chile,Chile,Music and books on Music,52,40,No,Double anonymous peer review
Sources,IFRA-Nairobi,Kenya,Social Sciences,52,32,No,Double anonymous peer review
Anales del Seminario de Historia de la Filosofía,Universidad Complutense de Madrid,Spain,Philosophy. Psychology. Religion,52,30,No,Double anonymous peer review
Belgeo,Société Royale Belge de Géographie and the Belgian National Committee of Geography,Belgium,Geography. Anthropology. Recreation,52,33,No,Double anonymous peer review
Recerques,Universitat Pompeu Fabra,Spain,History (General) and history of Europe,52,40,No,Anonymous peer review
Zeitschrift für Analysis und ihre Anwendungen,EMS Press,Germany,Science,52,30,No,Anonymous peer review
Electronic Journal of Graph Theory and Applications,"Indonesian Combinatorial Society (InaCombS); Graph Theory and Applications (GTA) Research Centre; University of Newcastle, Australia; Institut Teknologi Bandung (ITB), Indonesia",Indonesia,Science,52,30,Yes,Peer review
Norsk Statsvitenskapelig Tidsskrift,Scandinavian University Press,Norway,Political science,52,32,No,Double anonymous peer review
Language Policy in Africa,Bern Open Publishing,Switzerland,Language and Literature,52,35.40000000000009,No,Double anonymous peer review
Teologisk Tidsskrift,Scandinavian University Press,Norway,Philosophy. Psychology. Religion,52,30,No,Double anonymous peer review
Uniped,Universitetsforlaget,Norway,Education,52,30,No,Double anonymous peer review
Cultural Anthropology,American Anthropological Association,United States,Geography. Anthropology. Recreation,52,33,No,Double anonymous peer review
Hoehnea,Instituto de Pesquisas Ambientais,Brazil,Science,52,30,No,Open peer review
Vie et Milieu,Sorbonne Université,France,Science,52,30,No,Anonymous peer review
Natures Sciences Sociétés,EDP Sciences,France,Social Sciences,52,32,No,Peer review
Nomadic Peoples,The White Horse Press,United Kingdom,Geography. Anthropology. Recreation,52,33,No,Double anonymous peer review
Journal of L.M. Montgomery Studies,"L.M. Montgomery Institute, University of Prince Edward Island",Canada,Language and Literature,52,35.40000000000009,No,Double anonymous peer review
Donghua Ligong Daxue Xuebao. Ziran Kexue Ban,Editorial Department of Journal of East China University of Technology (Natural Science),China,Science,52,30,Yes,Double anonymous peer review
Hellenic Journal of Cardiology,Elsevier,United States,Medicine,52,28,No,Anonymous peer review
DELTA: Documentação de Estudos em Lingüística Teórica e Aplicada,Pontifícia Universidade Católica de São Paulo - PUC-SP,Brazil,Language and Literature,52,35.40000000000009,Yes,Peer review
Norsk Litteraturvitenskapelig Tidsskrift,Scandinavian University Press,Norway,Language and Literature,52,35.40000000000009,No,Double anonymous peer review
Tidsskrift for Samfunnsforskning,Scandinavian University Press,Norway,Social Sciences,52,32,No,Double anonymous peer review
Edda,Scandinavian University Press,Norway,Language and Literature,52,35.40000000000009,No,Double anonymous peer review
Virtual Reality,Springer,United Kingdom,Science,52,30,Yes,Anonymous peer review
Boletim de Geografia,Universidade Estadual de Maringá,Brazil,Geography. Anthropology. Recreation,52,33,No,Double anonymous peer review
Revista de Ciencias Economicas,Universidad de Costa Rica,Costa Rica,Social Sciences,52,32,No,Double anonymous peer review
Cahiers d’Études Germaniques,Presses Universitaires de Provence,France,Language and Literature,52,35.40000000000009,No,Anonymous peer review
Pediatrics and Neonatology,Elsevier,Netherlands,Medicine,52,28,No,Double anonymous peer review
Heimen,Scandinavian University Press,Norway,History (General) and history of Europe,52,40,No,Double anonymous peer review
Arbeiderhistorie,Scandinavian University Press,Norway,Social Sciences,52,32,No,Double anonymous peer review
Søkelys på Arbeidslivet,Universitetsforlaget,Norway,Social Sciences,52,32,No,Double anonymous peer review
Norsk Sosiologisk Tidsskrift,Scandinavian University Press,Norway,Social Sciences,52,32,No,Double anonymous peer review
Norsk Filosofisk Tidsskrift,Scandinavian University Press,Norway,Philosophy. Psychology. Religion,52,30,No,Double anonymous peer review
Kunst og Kultur,Scandinavian University Press,Norway,Fine Arts,52,36,No,Double anonymous peer review
Taiwanese Journal of Obstetrics & Gynecology,Elsevier,Netherlands,Medicine,52,28,No,Anonymous peer review
Ciência & Educação,Universidade Estadual Paulista,Brazil,Education,52,30,No,Double anonymous peer review
Antiquités Africaines,CNRS Éditions,France,Auxiliary sciences of history,52,40,No,Editorial review
Penser l'Éducation,Presses universitaires de Rouen et du Havre,France,Education,52,30,No,Double anonymous peer review
Arts et Savoirs,Université Gustave Eiffel,France,Fine Arts,52,36,No,Double anonymous peer review
Cahiers François Viète,Nantes Université,France,Education,52,30,No,Double anonymous peer review
The Australasian Journal of Combinatorics,University of Queensland,Australia,Science,52,30,No,Anonymous peer review
Codex Studies,SISMEL - Edizioni del Galluzzo,Italy,Bibliography. Library science. Information resources,52,30,No,Double anonymous peer review
World Development Sustainability,Elsevier,United Kingdom,Social Sciences,52,32,Yes,Double anonymous peer review
Journal of Hate Studies,Gonzaga Library Publishing,United States,Political science,52,32,No,Double anonymous peer review
Временник Пушкинской комиссии,Rostok Publishing House,Russian Federation,Language and Literature,52,35.40000000000009,No,Open peer review
Труды Отдела древнерусской литературы,Publishing House «Pushkinskij Dom»,Russian Federation,Language and Literature,52,35.40000000000009,No,Open peer review
Engenharia Agrícola,Sociedade Brasileira de Engenharia Agrícola,Brazil,Agriculture,52,28.600000000000023,Yes,Double anonymous peer review
Journal of the Short Story in English,Presses universitaires de Rennes,France,Language and Literature,52,35.40000000000009,No,Double anonymous peer review
Dix-Huitième Siècle,Société Française d’Étude du Dix-Huitième Siècle (SFEDS),France,Auxiliary sciences of history,52,40,No,Double anonymous peer review
Open Gender Journal,Berlin Universities Publishing,Germany,Social Sciences,52,32,No,Double anonymous peer review
New Chaucer Studies,"eScholarship Publishing, University of California",United States,History (General) and history of Europe,52,40,No,Double anonymous peer review
Journal of Glass Studies,Michigan Publishing Services,United States,Technology,52,28,No,Double anonymous peer review
Discrete Mathematics & Theoretical Computer Science,Discrete Mathematics & Theoretical Computer Science,France,Science,52,30,No,Peer review
轻工学报,Editorial Department of Journal of Light Industry,China,Science,52,30,No,Double anonymous peer review
HBRC Journal,Taylor & Francis Group,United Kingdom,Technology,52,28,Yes,Double anonymous peer review
Japanese Journal of Political Science,Cambridge University Press,United Kingdom,Political science,52,32,Yes,Double anonymous peer review
Photographica,Éditions de la Sorbonne,France,Fine Arts,52,36,No,Peer review
Revue d’Histoire des Sciences Humaines,Éditions de la Sorbonne,France,Social Sciences,52,32,No,Peer review
Discussiones Mathematicae Graph Theory,University of Zielona Góra,Poland,Science,51,30,No,Anonymous peer review
Algebraic Combinatorics,The Combinatorics Consortium,United States,Science,51,30,No,Peer review
Nordic Journal of Health Economics,University of Oslo,Norway,Medicine,51,28,No,Double anonymous peer review
Asian Journal of Transfusion Science,Wolters Kluwer Medknow Publications,India,Medicine,51,28,No,Double anonymous peer review
Journal of Intelligent Systems,De Gruyter,Poland,Science,51,30,Yes,Double anonymous peer review
Clinical Dermatology Review,Wolters Kluwer Medknow Publications,India,Medicine,51,28,No,Double anonymous peer review
Global Sustainability,Cambridge University Press,United Kingdom,Geography. Anthropology. Recreation,51,33,Yes,Anonymous peer review
Brazilian Journal of Anesthesiology,Elsevier,Netherlands,Medicine,51,28,No,Double anonymous peer review
IHJ Cardiovascular Reports,Elsevier,India,Medicine,51,28,No,Double anonymous peer review
Shipin kexue jishu xuebao,Beijing Technology and Business University,China,Technology,51,28,No,Double anonymous peer review
Indian Journal of Pathology and Microbiology,Wolters Kluwer Medknow Publications,India,Medicine,51,28,Yes,Double anonymous peer review
Asian Nursing Research,Elsevier,Netherlands,Medicine,51,28,Yes,Double anonymous peer review
Zhongguo kongjian kexue jishu,China Academy of Space Technology,China,Technology,50,28,No,Double anonymous peer review
Journal of Highway and Transportation Research and Development,Tsinghua University Press,China,Technology,50,28,Yes,Double anonymous peer review
Dialectologia,Universitat de Barcelona,Spain,Language and Literature,50,35.40000000000009,No,Double anonymous peer review
Shuichan Xuebao,Editorial Office of Journal of Fisheries of China,China,Agriculture,50,28.600000000000023,Yes,Double anonymous peer review
Studies in Ancient Art and Civilization,Ksiegarnia Akademicka Publishing,Poland,History (General) and history of Europe,50,40,No,Double anonymous peer review
Critical Literary Studies,University of Kurdistan,"Iran, Islamic Republic of",Language and Literature,50,35.40000000000009,Yes,Double anonymous peer review
Swiss Journal of Sociology,Seismo Verlag,Switzerland,Social Sciences,50,32,No,Double anonymous peer review
روستا و توسعه,"Agricultural Planning, Economics and Rural Development Research Institute","Iran, Islamic Republic of",Social Sciences,50,32,Yes,Double anonymous peer review
Ars Mathematica Contemporanea,University of Primorska Press,Slovenia,Science,50,30,No,Anonymous peer review
اقتصاد کشاورزی و توسعه,"Agricultural Planning, Economics, and Rural Development Research Institute (APERDRI)","Iran, Islamic Republic of",Social Sciences,50,32,Yes,Double anonymous peer review
Revista Virtual Universidad Católica del Norte,Universitaria Católica del Norte,Colombia,Education,50,30,No,Double anonymous peer review
Computational Linguistics,The MIT Press,United States,Language and Literature,50,35.40000000000009,No,Peer review
Foro Interno,Universidad Complutense de Madrid,Spain,Political science,50,32,No,Double anonymous peer review
Biografistyka Pedagogiczna,Fundacja Biografie Codzienności,Poland,Auxiliary sciences of history,50,40,No,Double anonymous peer review
The Mountain Journal of Science and Interdisciplinary Research,Benguet State University,Philippines,Social Sciences,50,32,No,Double anonymous peer review
Revista Electrónica de Investigación Educativa,Universidad Autónoma de Baja California,Mexico,Education,50,30,No,Double anonymous peer review
Investigaciones Regionales - Journal of Regional Research,AECR,Spain,Social Sciences,50,32,No,Peer review
长江科学院院报,Editorial Office of Journal of Changjiang River Scientific Research Institute,China,Technology,50,28,Yes,Double anonymous peer review
Revista de Filosofia,Editora Universitária Champagnat - PUCPRESS,Brazil,Philosophy. Psychology. Religion,50,30,No,Double anonymous peer review
Journal of Integrative Agriculture,"KeAi Communications Co., Ltd.",China,Agriculture,50,28.600000000000023,Yes,Double anonymous peer review
"Государство, религия, церковь в России и за рубежом",Russian Presidential Academy of National Economy and Public Administration. RANEPA,Russian Federation,Philosophy. Psychology. Religion,50,30,No,Double anonymous peer review
Jisuanji gongcheng,Editorial Office of Computer Engineering,China,Technology,50,28,Yes,Anonymous peer review
Revista Historia y Patrimonio,"Universidad de Chile, Facultad de Arquitectura y Urbanismo",Chile,Fine Arts,50,36,No,Double anonymous peer review
Brocar. Cuadernos de investigación histórica,Universidad de La Rioja,Spain,History (General) and history of Europe,50,40,No,Double anonymous peer review
Review of International American Studies,University of Silesia Press,Poland,Language and Literature,50,35.40000000000009,No,Double anonymous peer review
معماری و شهرسازی ایران,Iranian Scientific Association of Architecture & Urbanism,"Iran, Islamic Republic of",Fine Arts,50,36,Yes,Double anonymous peer review
Forum Teologiczne,Wydawnictwo Uniwersytetu Warmińsko-Mazurskiego w Olsztynie,Poland,Philosophy. Psychology. Religion,50,30,No,Double anonymous peer review
Zeithistorische Forschungen,Vandenhoeck & Ruprecht GmbH & Co. KG,Germany,History (General) and history of Europe,50,40,No,Double anonymous peer review
Jurídicas,Universidad de Caldas,Colombia,Law,50,25,No,Double anonymous peer review
Revista de Ciencias Médicas de Pinar del Río,ECIMED,Cuba,Medicine,50,28,No,Peer review
Palíndromo,Universidade do Estado de Santa Catarina (UDESC),Brazil,Fine Arts,50,36,No,Anonymous peer review
MusPed: Research,Cappelen Damm Akademisk NOASP,Norway,Music and books on Music,50,40,Yes,Double anonymous peer review
Shuiwen dizhi gongcheng dizhi,Editorial Office of Hydrogeology & Engineering Geology,China,Science,50,30,Yes,Anonymous peer review
مجلة العلوم القانونية,"University of Baghdad, college of Law",Iraq,Law,50,25,Yes,Double anonymous peer review
Iranian South Medical Journal,Bushehr University of Medical Sciences,"Iran, Islamic Republic of",Medicine,50,28,No,Double anonymous peer review
Cahiers de la Recherche sur l'Education et les Savoirs,Les éditions de la Maison des sciences de l’Homme,France,Education,50,30,No,Editorial review
Liangzi dianzi xuebao,Editorial Office of Chinese Journal of Quantum Electronics,China,Technology,50,28,Yes,Anonymous peer review
Trabajo Social,Universidad Nacional de Colombia,Colombia,Social Sciences,50,32,No,Double anonymous peer review
Kentron,Presses universitaires de Caen,France,History (General) and history of Europe,50,40,No,Double anonymous peer review
Annals of Punjab Medical College,"Faisalabad Medical University, Faisalabad",Pakistan,Medicine,50,28,No,Double anonymous peer review
Anales de Geografía de la Universidad Complutense,Universidad Complutense de Madrid,Spain,Geography. Anthropology. Recreation,50,33,No,Anonymous peer review
Language Development Research,Carnegie Mellon University Library Publishing Service,United States,Language and Literature,50,35.40000000000009,No,Double anonymous peer review
Turkish Journal of Anaesthesiology and Reanimation,Turkish Anesthesiology and Reanimation Association,Türkiye,Medicine,50,28,Yes,Double anonymous peer review
Vertex Revista Argentina de Psiquiatría,POLEMOS,Argentina,Medicine,50,28,No,Double anonymous peer review
Journal of Computational Literary Studies,Universitäts- und Landesbibliothek Darmstadt,Germany,Language and Literature,50,35.40000000000009,No,Double anonymous peer review
Cyberpsychology: Journal of Psychosocial Research on Cyberpspace,Masaryk University,Czechia,Philosophy. Psychology. Religion,50,30,No,Double anonymous peer review
Studia Białorutenistyczne,Wydawnictwo UMCS,Poland,Language and Literature,50,35.40000000000009,No,Double anonymous peer review
Zeitschrift für Ostmitteleuropa-Forschung,Verlag Herder Institut,Germany,History (General) and history of Europe,50,40,No,Double anonymous peer review
Cuadernos de Turismo,Universidad de Murcia,Spain,Geography. Anthropology. Recreation,50,33,No,Double anonymous peer review
Jornal de Pediatria (Versão em Português),Brazilian Society of Pediatrics,Brazil,Medicine,50,28,Yes,Double anonymous peer review
Revista Mexicana de Ciencias Políticas y Sociales,Universidad Nacional Autónoma de México,Mexico,Political science,50,32,No,Double anonymous peer review
Er(r)go,University of Silesia Press,Poland,Language and Literature,50,35.40000000000009,No,Double anonymous peer review
مجله جنگل ایران,Iranian Society of Forestry,"Iran, Islamic Republic of",Agriculture,50,28.600000000000023,Yes,Double anonymous peer review
International Journal of Musculoskeletal Pain Prevention,University of Tarbiat Modares,"Iran, Islamic Republic of",Medicine,50,28,No,Double anonymous peer review
Turkish Journal of Orthodontics,Turkish Orthodontic Society,Türkiye,Medicine,50,28,No,Double anonymous peer review
Psychologica,Coimbra University Press,Portugal,Philosophy. Psychology. Religion,50,30,No,Anonymous peer review
Studia Polensia,Juraj Dobrila University of Pula,Croatia,General Works,50,30.200000000000045,No,Double anonymous peer review
Radovi Zavoda za znanstvenoistraživački i umjetnički rad u Bjelovaru,Hrvatska akademija znanosti i umjetnosti,Croatia,Fine Arts,50,36,No,Double anonymous peer review
Journal of English Studies,Universidad de La Rioja,Spain,Language and Literature,50,35.40000000000009,No,Double anonymous peer review
DAPesquisa,Universidade do Estado de Santa Catarina,Brazil,Fine Arts,50,36,No,Anonymous peer review
Magna Scientia UCEVA,Unidad Central del Valle del Cauca,Colombia,Medicine,50,28,No,Double anonymous peer review
Scripta,Pontifícia Universidade Católica de Minas Gerais,Brazil,Language and Literature,50,35.40000000000009,No,Double anonymous peer review
مجلة الاجتهاد للدراسات القانونية والاقتصادية,University of Tamanrasset,Algeria,Law,50,25,No,Double anonymous peer review
African Journal of Political Science,UJ Press,South Africa,Political science,50,32,No,Double anonymous peer review
Semantics and Pragmatics,Linguistic Society of America,United States,Language and Literature,50,35.40000000000009,No,Double anonymous peer review
Research in Arts and Education,Aalto University,Finland,Education,50,30,No,Double anonymous peer review
Hangkong bingqi,Editorial Office of Aero Weaponry,China,Technology,50,28,No,Double anonymous peer review
Encartes,Centro de Investigación y Estudios Superiores en Antropología Social (CIESAS-CONACYT),Mexico,Geography. Anthropology. Recreation,50,33,No,Double anonymous peer review
Fayixue Zazhi,Editorial Office of Journal of Forensic Medicine,China,Medicine,50,28,Yes,Double anonymous peer review
发电技术,Editorial Department of Power Generation Technology,China,Technology,50,28,No,Double anonymous peer review
Journal of Clinical Education in Physical Therapy,Columbia University Libraries,United States,Education,50,30,Yes,Double anonymous peer review
Shandong zhongyi zazhi,Editorial Office of Shandong Journal of Traditional Chinese Medicine,China,Medicine,50,28,Yes,Double anonymous peer review
Irish Journal of Agricultural and Food Research,Compuscript Ltd,Ireland,Agriculture,50,28.600000000000023,No,Anonymous peer review
Senjski Zbornik,Gradski muzej Senj and Senjsko muzejsko društvo,Croatia,Language and Literature,50,35.40000000000009,No,Double anonymous peer review
Elpis,Eötvös Loránd University,Hungary,Philosophy. Psychology. Religion,50,30,No,Double anonymous peer review
Österreichische Zeitschrift für Geschichtswissenschaften,StudienVerlag,Austria,History (General) and history of Europe,50,40,No,Double anonymous peer review
Dos Mil Tres Mil,Universidad de Ibagué,Colombia,Law,50,25,No,Double anonymous peer review
Hacia la Promoción de la Salud,Universidad de Caldas,Colombia,Medicine,50,28,No,Double anonymous peer review
JoSTrans: The Journal of Specialised Translation,ZHAW,Switzerland,Language and Literature,50,35.40000000000009,No,Double anonymous peer review
Journal of Central European Agriculture,"University of Zagreb, Faculty of Agriculture",Croatia,Agriculture,50,28.600000000000023,No,Anonymous peer review
Revista de Derecho (Coquimbo),Universidad Católica del Norte,Chile,Law,50,25,No,Double anonymous peer review
Revista Brasileira de Gestão De Negócios,Fundação Escola de Comércio Álvares Penteado,Brazil,Social Sciences,50,32,No,Double anonymous peer review
Studia Linguistica Universitatis Cracoviensis,Jagiellonian University Press,Poland,Language and Literature,50,35.40000000000009,No,Double anonymous peer review
Scripta Islandica,Isländska sällskapet,Sweden,Language and Literature,50,35.40000000000009,No,Double anonymous peer review
Revista Eletrônica de Enfermagem,Universidade Federal de Goias,Brazil,Medicine,50,28,Yes,Double anonymous peer review
"Images du Travail, Travail des Images",Université de Poitiers,France,Social Sciences,50,32,No,Double anonymous peer review
Genes and Diseases,"KeAi Communications Co., Ltd.",China,Medicine,50,28,Yes,Anonymous peer review
Jixie chuandong,Editorial Office of Journal of Mechanical Transmission,China,Technology,50,28,Yes,Double anonymous peer review
Caderno de Administração,Universidade Estadual de Maringá,Brazil,Political science,50,32,No,Anonymous peer review
Trabalho & Educação,Universidade Federal de Minas Gerais,Brazil,Education,50,30,No,Double anonymous peer review
Feminist Philosophy Quarterly,University of Western Ontario,Canada,Philosophy. Psychology. Religion,50,30,No,Double anonymous peer review
Лесковачки зборник,Narodni muzej Leskovac,Serbia,Social Sciences,50,32,No,Double anonymous peer review
Music & Politics,Michigan Publishing Services,United States,Music and books on Music,50,40,No,Double anonymous peer review
Animation Studies,Society for Animation Studies,United States,Fine Arts,50,36,No,Double anonymous peer review
Journal of Graph Algorithms and Applications,Brown University,United States,Science,50,30,No,Anonymous peer review
Daqi yu huanjing guangxue xuebao,Editorial Office of Journal of Atmospheric and Environmental Optics,China,Science,50,30,Yes,Anonymous peer review
Revista Pedagógica,Universidade Comunitária da Região de Chapecó,Brazil,Education,50,30,No,Peer review
Neurological Sciences and Neurophysiology,Wolters Kluwer Medknow Publications,India,Medicine,50,28,No,Double anonymous peer review
Romanica Olomucensia,Palacký University Olomouc,Czechia,Language and Literature,50,35.40000000000009,No,Double anonymous peer review
Bulletin de l'Institut Français d'Études Andines,Institut Français d'Études Andines,Peru,History America,50,41.19999999999999,No,Peer review
Studia Scandinavica,University of Gdansk,Poland,History (General) and history of Europe,50,40,No,Double anonymous peer review
中国地质调查,Editorial Office of Geological Survey of China,China,Science,50,30,Yes,Double anonymous peer review
Anuário do Instituto de Geociências,Universidade Federal do Rio de Janeiro,Brazil,Geography. Anthropology. Recreation,50,33,No,Double anonymous peer review
Revista Iberoamericana de Automática e Informática Industrial RIAI,Universitat Politècnica de València,Spain,Technology,50,28,No,Anonymous peer review
Asian Journal of Surgery,Elsevier,Netherlands,Medicine,50,28,Yes,Double anonymous peer review
Nefrología,Elsevier,Spain,Medicine,50,28,No,Double anonymous peer review
History of Geo- and Space Sciences,Copernicus Publications,Germany,Science,50,30,No,Open peer review
"Studies in Communication, Media",Nomos Verlagsgesellschaft mbH & Co. KG,Germany,Language and Literature,50,35.40000000000009,No,Double anonymous peer review
Tektonika,Tektonika,United Kingdom,Science,50,30,No,Peer review
Nordic Journal of Educational History,Umeå University,Sweden,Education,50,30,No,Double anonymous peer review
Musica Docta,University of Bologna,Italy,Music and books on Music,50,40,No,Double anonymous peer review
Meta-Psychology,LnuOpen,Sweden,Philosophy. Psychology. Religion,50,30,No,Open peer review
Jurnal Komunikasi Indonesia,"Departemen Ilmu Komunikasi, FISIP Universitas Indonesia",Indonesia,Social Sciences,50,32,No,Double anonymous peer review
REDUR. Revista Electrónica de Derecho Universidad de La Rioja,Universidad de La Rioja,Spain,Law,50,25,No,Double anonymous peer review
Economics and Environment,Wydawnictwo Ekonomia i Środowisko,Poland,Social Sciences,50,32,Yes,Double anonymous peer review
International Journal on Studies in Education,"International Society for Technology, Education, and Science",United States,Education,50,30,Yes,Double anonymous peer review
Revue GEF,Association de recherche sur le genre en éducation et formation (ARGEF),Switzerland,Education,50,30,No,Anonymous peer review
Revista Ingenierías Universidad de Medellín,Universidad de Medellín,Colombia,Technology,50,28,No,Double anonymous peer review
Acta Universitatis Carolinae Historia Universitatis Carolinae Pragensis,Karolinum Press,Czechia,History (General) and history of Europe,50,40,No,Anonymous peer review
Historická sociologie,Karolinum Press,Czechia,Social Sciences,50,32,No,Double anonymous peer review
Revista de Ciências Sociais,Universidade Federal do Ceará,Brazil,Political science,50,32,No,Double anonymous peer review
Biota Neotropica,Instituto Virtual da Biodiversidade (BIOTA - FAPESP),Brazil,Science,50,30,Yes,Anonymous peer review
Revista de Ciencias Sociales,Universidad de Valparaíso,Chile,Social Sciences,50,32,No,Double anonymous peer review
Acta Limnologica Brasiliensia,Associação Brasileira de Limnologia,Brazil,Science,50,30,No,Anonymous peer review
Nefrología (English Edition),Elsevier,Spain,Medicine,50,28,No,Double anonymous peer review
Tracés,ENS Éditions,France,Social Sciences,50,32,No,Double anonymous peer review
Water Science and Engineering,Elsevier,Netherlands,Technology,50,28,No,Double anonymous peer review
沈阳工业大学学报,Editorial Office of Journal Shenyang University of Technology,China,Technology,50,28,Yes,Double anonymous peer review
Mires and Peat,International Mire Conservation Group and International Peatland Society,Germany,Science,50,30,No,Peer review
Revue Francophone de Recherche en Ergothérapie,CARAFE - Communauté pour l’Avancement de la Recherche Appliquée Francophone en Ergothérapie,Switzerland,Medicine,50,28,No,Anonymous peer review
"Žurnal matematičeskoj fiziki, analiza, geometrii",B. Verkin Institute for Low Temperature Physics and Engineering of the National Academy of Sciences of Ukraine,Ukraine,Science,50,30,No,Anonymous peer review
Oil & Gas Science and Technology,EDP Sciences,France,Technology,50,28,No,Peer review
New Zealand Journal of Mathematics,New Zealand Mathematical Society & University of Auckland,New Zealand,Technology,50,28,No,Anonymous peer review
Integers,Integers,United States,Science,50,30,No,Anonymous peer review
Boletim do Museu Paraense Emílio Goeldi. Ciências Humanas,MCTI/Museu Paraense Emílio Goeldi,Brazil,History America,50,41.19999999999999,No,Double anonymous peer review
Przegląd Badań Edukacyjnych,Nicolaus Copernicus University in Toruń,Poland,Education,50,30,No,Double anonymous peer review
Forbes Tıp Dergisi,BUCA SEYFI DEMIRSOY TRAINING AND RESEARCH HOSPITAL,Türkiye,Medicine,49,28,No,Double anonymous peer review
Géneroos,Universidad de Colima,Mexico,Social Sciences,49,32,No,Double anonymous peer review
Dr. Sulaiman Al Habib Medical Journal,Wolters Kluwer Medknow Publications,India,Medicine,49,28,No,Double anonymous peer review
International Journal of Applied Mechanics and Engineering,University of Zielona Góra,Poland,Technology,49,28,Yes,Double anonymous peer review
Ankara Üniversitesi Eğitim Bilimleri Fakültesi Dergisi,Ankara University,Türkiye,Education,49,30,No,Double anonymous peer review
Escola Anna Nery,Universidade Federal do Rio de Janeiro,Brazil,Medicine,49,28,Yes,Double anonymous peer review
Ducere,"Universidad Arturo Prat, Facultad de Ciencias Humanas",Chile,Education,49,30,No,Double anonymous peer review
NanoEthics,Springer,Netherlands,Philosophy. Psychology. Religion,49,30,Yes,Double anonymous peer review
Interação em Psicologia,Universidade Federal do Paraná,Brazil,Philosophy. Psychology. Religion,49,30,No,Double anonymous peer review
ACI Open,Georg Thieme Verlag KG,Germany,Medicine,49,28,Yes,Anonymous peer review
Neurology Perspectives,Elsevier,Spain,Medicine,49,28,Yes,Double anonymous peer review
Journal of the National Cancer Center,Elsevier,Netherlands,Medicine,49,28,Yes,Anonymous peer review
High-Confidence Computing,Elsevier,Netherlands,Science,49,30,No,Anonymous peer review
Al-Rafidain Dental Journal,"University of Mosul, College of Dentistry",Iraq,Medicine,49,28,Yes,Double anonymous peer review
Enfoques,Editorial Universidad Adventista del Plata,Argentina,Philosophy. Psychology. Religion,48,30,No,Double anonymous peer review
Revista Española de Derecho Canónico,Servicio de publicaciones. Universidad Pontificia de Salamanca,Spain,Philosophy. Psychology. Religion,48,30,No,Double anonymous peer review
"Cultura, Ciencia y Deporte",Universidad Católica San Antonio de Murcia,Spain,Education,48,30,No,Double anonymous peer review
Annals of Abbasi Shaheed Hospital and Karachi Medical & Dental College,KARACHI MEDICAL AND DENTAL COLLEGE,Pakistan,Medicine,48,28,Yes,Double anonymous peer review
Revista Geographia,Universidade Federal Fluminense (UFF),Brazil,Geography. Anthropology. Recreation,48,33,No,Double anonymous peer review
Cirugía y Cirujanos,Permanyer,Spain,Medicine,48,28,No,Double anonymous peer review
Shanghai Jiaotong Daxue xuebao,Editorial Office of Journal of Shanghai Jiao Tong University,China,Technology,48,28,Yes,Anonymous peer review
Qixiang keji,Editorial Office of Meteorological Science and Technology,China,Science,48,30,Yes,Anonymous peer review
دانش و پژوهش در روان‌شناسی کاربردی,"Islamic Azad University, Isfahan","Iran, Islamic Republic of",Education,48,30,Yes,Double anonymous peer review
Religious: Jurnal Studi Agama-Agama dan Lintas Budaya,Universitas Islam Negeri (UIN) Sunan Gunung Djati Bandung,Indonesia,Philosophy. Psychology. Religion,48,30,Yes,Double anonymous peer review
European Journal of Health Communication (EJHC),"University of Zurich, IKMZ – Department of Communication and Media Research",Switzerland,Medicine,48,28,No,Double anonymous peer review
Estudios de Historia de España,Universidad Católica Argentina,Argentina,History (General) and history of Europe,48,40,No,Double anonymous peer review
Bibliotheca Lituana,Vilnius University Press,Lithuania,Bibliography. Library science. Information resources,48,30,No,Double anonymous peer review
Revista Pós Ciências Sociais,Programa de Pós-graduação em Ciências Sociais da Universidade Federal dos Maranhão,Brazil,Social Sciences,48,32,No,Double anonymous peer review
مطالعات طب ورزشی,Sport Sciences Research Institute,"Iran, Islamic Republic of",Geography. Anthropology. Recreation,48,33,Yes,Double anonymous peer review
Problemy Mechatroniki,"Military University of Technology, Warsaw",Poland,Technology,48,28,No,Double anonymous peer review
Collectanea Botanica,Consejo Superior de Investigaciones Científicas,Spain,Science,48,30,No,Anonymous peer review
Isegoría,Consejo Superior de Investigaciones Científicas,Spain,Philosophy. Psychology. Religion,48,30,No,Double anonymous peer review
Anclajes,Universidad Nacional de La Pampa,Argentina,Language and Literature,48,35.40000000000009,No,Double anonymous peer review
Revista Caatinga,Universidade Federal Rural do Semi-Árido,Brazil,Agriculture,48,28.600000000000023,Yes,Anonymous peer review
Liquid Blackness,Duke University Press,United States,Social Sciences,48,32,No,Anonymous peer review
Anuario de Estudios Americanos,Consejo Superior de Investigaciones Científicas,Spain,History America,48,41.19999999999999,No,Double anonymous peer review
Gladius,Consejo Superior de Investigaciones Científicas,Spain,History (General) and history of Europe,48,40,No,Anonymous peer review
El Ágora USB,Universidad de San Buenaventura,Colombia,Social Sciences,48,32,No,Double anonymous peer review
Moussons,Université de Provence,France,History (General) and history of Europe,48,40,No,Double anonymous peer review
Transport Problems,Silesian University of Technology,Poland,Technology,48,28,Yes,Anonymous peer review
Études Platoniciennes,Société d’Études Platoniciennes,France,Philosophy. Psychology. Religion,48,30,No,Double anonymous peer review
Halk Sağlığı Hemşireliği Dergisi,Public Health Nursing Association,Türkiye,Medicine,48,28,No,Double anonymous peer review
Revue d’Elevage et de Médecine Vétérinaire des Pays Tropicaux,CIRAD,France,Agriculture,48,28.600000000000023,No,Anonymous peer review
Shuju Caiji Yu Chuli,Editorial Office of Journal of Data Acquisition and Processing,China,Technology,48,28,Yes,Double anonymous peer review
Bioscience Journal,Universidade Federal de Uberlândia,Brazil,Agriculture,48,28.600000000000023,Yes,Double anonymous peer review
Revista Mundaú,Universidade Federal de Alagoas,Brazil,Geography. Anthropology. Recreation,48,33,No,Double anonymous peer review
Culture & History Digital Journal,Consejo Superior de Investigaciones Científicas,Spain,History (General) and history of Europe,48,40,No,Anonymous peer review
Arquivos do Instituto Biológico,Instituto Biológico,Brazil,Agriculture,48,28.600000000000023,Yes,Double anonymous peer review
مطالعات روان‌شناسی ورزشی,Sport Sciences Research Institute,"Iran, Islamic Republic of",Geography. Anthropology. Recreation,48,33,Yes,Double anonymous peer review
Krisis,University of Groningen Press,Netherlands,Social Sciences,48,32,No,Double anonymous peer review
História da Educação,Associação Sul-Rio-Grandense de Pesquisadores em História da Educação (ASPHE),Brazil,Education,48,30,No,Peer review
London Review of Education,UCL Press,United Kingdom,Education,48,30,No,Double anonymous peer review
Cadernos de Estudos Africanos,Instituto Universitário de Lisboa,Portugal,History (General) and history of Europe,48,40,No,Double anonymous peer review
Finnish Journal of Linguistics,Linguistic Association of Finland,Finland,Language and Literature,48,35.40000000000009,No,Double anonymous peer review
Actualidad Contable Faces,Universidad de Los Andes,"Venezuela, Bolivarian Republic of",Social Sciences,48,32,No,Double anonymous peer review
Revista de Literatura,Consejo Superior de Investigaciones Científicas,Spain,Language and Literature,48,35.40000000000009,No,Double anonymous peer review
Arte Nuevo,Université de Neuchâtel,Switzerland,Language and Literature,48,35.40000000000009,No,Double anonymous peer review
International Journal of African Higher Education,International Network for Higher Education in Africa,South Africa,Education,48,30,No,Double anonymous peer review
Revue d'anthropologie des connaissances,Société d'Anthropologie des Connaissances,France,Social Sciences,48,32,No,Double anonymous peer review
Dili Kexue,Science Press,China,Geography. Anthropology. Recreation,48,33,Yes,Double anonymous peer review
Al-Qantara : Revista de Estudios Arabes,Consejo Superior de Investigaciones Científicas,Spain,Auxiliary sciences of history,48,40,No,Double anonymous peer review
Emerita,Consejo Superior de Investigaciones Científicas,Spain,Language and Literature,48,35.40000000000009,No,Double anonymous peer review
Estudios Geográficos,Consejo Superior de Investigaciones Científicas,Spain,Geography. Anthropology. Recreation,48,33,No,Double anonymous peer review
Imafronte,Universidad de Murcia,Spain,Fine Arts,48,36,No,Anonymous peer review
Gongye shui chuli,Editorial Office of Industrial Water Treatment,China,Technology,48,28,Yes,Anonymous peer review
Archivo Español de Arqueología,Consejo Superior de Investigaciones Científicas,Spain,Auxiliary sciences of history,48,40,No,Double anonymous peer review
Revista de Indias,Consejo Superior de Investigaciones Científicas,Spain,History America,48,41.19999999999999,No,Peer review
Philippine Journal of Otolaryngology Head and Neck Surgery,"Philippine Society of Otolaryngology-Head and Neck Surgery, Inc.",Philippines,Medicine,48,28,No,Double anonymous peer review
eJournal de la Recherche sur l'Intervention en Éducation Physique et Sport,Presses Universitaires de Franche-Comté (PUFC),France,Geography. Anthropology. Recreation,48,33,No,Double anonymous peer review
Kuangye anquan yu huan-bao,Editorial Office of Mining Safety & Environmental Protection,China,Geography. Anthropology. Recreation,48,33,Yes,Double anonymous peer review
Si Somos Americanos,Universidad Arturo Prat,Chile,Political science,48,32,No,Double anonymous peer review
Grasas y Aceites,Consejo Superior de Investigaciones Científicas,Spain,Technology,48,28,No,Double anonymous peer review
Horizontes,Universidade São Francisco,Brazil,Education,48,30,No,Anonymous peer review
Revista Internacional em Língua Portuguesa,Associação das Universidades de Língua Portuguesa,Portugal,Education,48,30,No,Double anonymous peer review
Boletim do Observatório Ambiental Alberto Ribeiro Lamego,Essentia Editora,Brazil,Geography. Anthropology. Recreation,48,33,No,Double anonymous peer review
"Celt: A Journal of Culture, English Language Teaching & Literature",Soegijapranata Catholic University,Indonesia,Education,48,30,Yes,Double anonymous peer review
Journal of Right-Wing Studies,"eScholarship Publishing, University of California",United States,Political science,48,32,No,Double anonymous peer review
Síntesis. Revista de Filosofía,Universidad Adolfo Ibáñez,Chile,Philosophy. Psychology. Religion,48,30,No,Double anonymous peer review
Revista de Antropología y Sociología Virajes,Universidad de Caldas,Colombia,Geography. Anthropology. Recreation,48,33,No,Double anonymous peer review
Journal of the Scholarship of Teaching and Learning,Indiana University Office of Scholarly Publishing,United States,Education,48,30,No,Double anonymous peer review
Redes,Universidade de Santa Cruz do Sul,Brazil,Geography. Anthropology. Recreation,48,33,No,Peer review
Jurnal Riset Akuntansi dan Bisnis Airlangga,Universitas Airlangga,Indonesia,Social Sciences,48,32,No,Double anonymous peer review
Revista Española de Documentación Científica,Consejo Superior de Investigaciones Científicas,Spain,Bibliography. Library science. Information resources,48,30,No,Double anonymous peer review
Cuadernos de Estudios Gallegos,Consejo Superior de Investigaciones Científicas,Spain,History (General) and history of Europe,48,40,No,Double anonymous peer review
Anales del Jardín Botánico de Madrid,Consejo Superior de Investigaciones Científicas,Spain,Science,48,30,No,Double anonymous peer review
Anuario Musical,Consejo Superior de Investigaciones Científicas,Spain,Music and books on Music,48,40,No,Anonymous peer review
Materiales de Construccion,Consejo Superior de Investigaciones Científicas,Spain,Technology,48,28,No,Double anonymous peer review
Trabajos de Prehistoria,Consejo Superior de Investigaciones Científicas,Spain,Auxiliary sciences of history,48,40,No,Double anonymous peer review
La Manzana de la Discordia,Universidad del Valle,Colombia,Social Sciences,48,32,No,Double anonymous peer review
Andes,"Universidad Nacional de Salta, Facultad de Humanidades, Centro Promocional de las Investigaciones en Historia y Antropología",Argentina,Geography. Anthropology. Recreation,48,33,No,Double anonymous peer review
Revista Educação Especial em Debate,Universidade Federal do Espírito Santo,Brazil,Education,48,30,No,Double anonymous peer review
Methodos,Université de Lille,France,Language and Literature,48,35.40000000000009,No,Double anonymous peer review
Government and Opposition,Cambridge University Press,United Kingdom,Political science,48,32,Yes,Double anonymous peer review
Journal of Pediatric Rehabilitation Medicine,SAGE Publishing,United Kingdom,Medicine,48,28,Yes,Double anonymous peer review
Magis: Revista Internacional de Investigación en Educación,Pontificia Universidad Javeriana,Colombia,Education,48,30,No,Double anonymous peer review
Sefarad : Revista de Estudios Hebraicos y Sefardíes,Consejo Superior de Investigaciones Científicas,Spain,Language and Literature,48,35.40000000000009,No,Double anonymous peer review
Geosphere,Geological Society of America,United States,Science,48,30,Yes,Anonymous peer review
Disparidades,Consejo Superior de Investigaciones Científicas,Spain,Geography. Anthropology. Recreation,48,33,No,Double anonymous peer review
Caliban: French Journal of English Studies,Presses Universitaires du Midi,France,Language and Literature,48,35.40000000000009,No,Double anonymous peer review
Arqueología de la Arquitectura,Consejo Superior de Investigaciones Científicas,Spain,Fine Arts,48,36,No,Double anonymous peer review
Hispania Sacra,Consejo Superior de Investigaciones Científicas,Spain,History (General) and history of Europe,48,40,No,Double anonymous peer review
Organizações & Sociedade,Universidade Federal da Bahia,Brazil,Social Sciences,48,32,No,Double anonymous peer review
Hamsa,Centro Interdisciplinar de História Culturas e Sociedades da Universidade de Évora (CIDEHUS),Portugal,Fine Arts,48,36,No,Double anonymous peer review
Colloquium,Polish Naval Academy of the Heroes of Westerplatte,Poland,Social Sciences,48,32,No,Double anonymous peer review
Journal of Critical Public Health,Critical Public Health Network,United Kingdom,Medicine,48,28,No,Double anonymous peer review
Journal of Interventional Epidemiology and Public Health,African Field Epidemiology Network,Uganda,Medicine,48,28,No,Double anonymous peer review
Linguistic Typology,De Gruyter,Germany,Language and Literature,48,35.40000000000009,No,Double anonymous peer review
Hungarian Journal of English and American Studies,University of Debrecen,Hungary,Language and Literature,48,35.40000000000009,No,Double anonymous peer review
Archivo Español de Arte,Consejo Superior de Investigaciones Científicas,Spain,Fine Arts,48,36,No,Double anonymous peer review
Hispania,Consejo Superior de Investigaciones Científicas,Spain,Social Sciences,48,32,No,Double anonymous peer review
Allpanchis,Universidad Católica San Pablo,Peru,Auxiliary sciences of history,48,40,No,Double anonymous peer review
Fenmo yejin jishu,Editorial Office of Powder Metallurgy Technology,China,Technology,48,28,Yes,Anonymous peer review
Shandong Zhongyiyao Daxue Xuebao,Editorial Office of Journal of Shandong University of Traditional Chinese Medicine,China,Medicine,48,28,Yes,Double anonymous peer review
Scientia Marina,Consejo Superior de Investigaciones Científicas,Spain,Agriculture,48,28.600000000000023,No,Double anonymous peer review
Journal of the Scientific Society,Wolters Kluwer Medknow Publications,India,Medicine,48,28,No,Double anonymous peer review
Annals of Agricultural and Environmental Medicine,Institute of Rural Health,Poland,Agriculture,48,28.600000000000023,Yes,Double anonymous peer review
Ensayos de Política Económica,Pontificia Universidad Católica Argentina,Argentina,Social Sciences,48,32,No,Double anonymous peer review
"Arbor: Ciencia, Pensamiento y Cultura",Consejo Superior de Investigaciones Científicas,Spain,General Works,48,30.200000000000045,No,Double anonymous peer review
Revista de Filología Española,Consejo Superior de Investigaciones Científicas,Spain,Language and Literature,48,35.40000000000009,No,Double anonymous peer review
Estudios Geologicos,Consejo Superior de Investigaciones Científicas,Spain,Science,48,30,No,Double anonymous peer review
Chemical and Biochemical Engineering Quarterly,Croatian Society of Chemical Engineers,Croatia,Technology,48,28,No,Anonymous peer review
Revista de Dialectología y Tradiciones Populares,Consejo Superior de Investigaciones Científicas,Spain,Geography. Anthropology. Recreation,48,33,No,Double anonymous peer review
پژوهش های علوم دامی,University of tabriz,"Iran, Islamic Republic of",Science,48,30,Yes,Double anonymous peer review
Faventia,Universitat Autònoma de Barcelona. Departament de Ciències de l'Antiguitat i de l'Edat Mitjana,Spain,Language and Literature,48,35.40000000000009,No,Double anonymous peer review
Acta Scientiarum: Animal Sciences,Editora da Universidade Estadual de Maringá (Eduem),Brazil,Agriculture,48,28.600000000000023,No,Anonymous peer review
Revista Murciana de Antropología,Universidad de Murcia,Spain,Geography. Anthropology. Recreation,48,33,No,Double anonymous peer review
Mos Historicus,National and Kapodistrian University of Athens,Greece,History (General) and history of Europe,48,40,No,Double anonymous peer review
Revista de la Asociación Colombiana de Dermatología y Cirugía Dermatológica,Asociación Colombiana de Dermatología y Cirugía Dermatológica,Colombia,Medicine,48,28,No,Double anonymous peer review
European Journal of Applied Mathematics,Cambridge University Press,United Kingdom,Science,48,30,Yes,Anonymous peer review
Amazonía Peruana,Centro Amazónico de Antropología y Aplicación Prácticca,Peru,Geography. Anthropology. Recreation,48,33,No,Double anonymous peer review
Cancer Pathogenesis and Therapy,Elsevier,Netherlands,Medicine,48,28,Yes,Anonymous peer review
Graellsia,Consejo Superior de Investigaciones Científicas,Spain,Science,48,30,No,Double anonymous peer review
Educació i Història: Revista d'Història de l'Educació,Institut d'Estudis Catalans,Spain,Education,48,30,No,Anonymous peer review
Anuario de Estudios Medievales,Consejo Superior de Investigaciones Científicas,Spain,History (General) and history of Europe,48,40,No,Double anonymous peer review
Informes de la Construccion,Consejo Superior de Investigaciones Científicas,Spain,Fine Arts,48,36,No,Double anonymous peer review
Revista de Filología y Lingüística de la Universidad de Costa Rica,Universidad de Costa Rica,Costa Rica,Language and Literature,48,35.40000000000009,No,Double anonymous peer review
Gaia,UGA Éditions/Université Grenoble Alpes,France,History (General) and history of Europe,48,40,No,Anonymous peer review
Ensayos de Economía,Universidad Nacional de Colombia,Colombia,Social Sciences,48,32,No,Double anonymous peer review
رفتار حرکتی,Sport Sciences Research Institute,"Iran, Islamic Republic of",Geography. Anthropology. Recreation,48,33,Yes,Double anonymous peer review
Educatio Siglo XXI,Universidad de Murcia,Spain,Education,48,30,No,Anonymous peer review
Revista de Enfermagem Referência,Health Sciences Research Unit: Nursing (UICISA: E),Portugal,Medicine,48,28,No,Double anonymous peer review
Psicologia: Teoria e Pesquisa,Universidade de Brasília,Brazil,Philosophy. Psychology. Religion,48,30,Yes,Open peer review
Myrtia,"Editum, Ediciones de la Universidad de Murcia",Spain,Language and Literature,48,35.40000000000009,No,Double anonymous peer review
Asian Journal of Shipping and Logistics,Elsevier,Netherlands,Social Sciences,48,32,Yes,Double anonymous peer review
Prismas,Universidad Nacional de Quilmes,Argentina,Social Sciences,48,32,No,Double anonymous peer review
Journal of General and Family Medicine,Wiley,United States,Medicine,48,28,Yes,Double anonymous peer review
China Journal of Accounting Research,Elsevier,Netherlands,Social Sciences,48,32,Yes,Double anonymous peer review
Arabian Humanities,Centre Français d’Archéologie et de Sciences Sociales de Sanaa,Yemen,Social Sciences,48,32,No,Peer review
Revista Brasileira de Educação Médica,Associção Brasileira de Educação Médica,Brazil,Education,48,30,Yes,Peer review
Prace Historyczne,Jagiellonian University,Poland,History (General) and history of Europe,48,40,No,Double anonymous peer review
Revista Chapingo: Serie Ciencias Forestales y del Ambiente,Universidad Autónoma Chapingo,Mexico,Agriculture,48,28.600000000000023,Yes,Double anonymous peer review
Anales Cervantinos,Consejo Superior de Investigaciones Científicas,Spain,Language and Literature,48,35.40000000000009,No,Double anonymous peer review
Psicologia Escolar e Educacional,Associação Brasileira de Psicologia Escolar e Educacional,Brazil,Philosophy. Psychology. Religion,48,30,No,Double anonymous peer review
Mosaico,Editora da Universidade Católica de Goiás,Brazil,History (General) and history of Europe,47,40,No,Double anonymous peer review
ARENA Journal of Architectural Research,Ubiquity Press,United Kingdom,Fine Arts,47,36,No,Double anonymous peer review
Alon,"eScholarship Publishing, University of California",United States,Geography. Anthropology. Recreation,47,33,No,Double anonymous peer review
Journal of Coloproctology,Thieme Revinter Publicações Ltda.,Brazil,Medicine,47,28,No,Double anonymous peer review
Civil Engineering Infrastructures Journal,University of Tehran Press,"Iran, Islamic Republic of",Technology,47,28,No,Double anonymous peer review
地质科技通报,Editorial Department of Bulletin of Geological Science and Technology,China,Science,47,30,Yes,Double anonymous peer review
Ecología Austral,Asociación Argentina de Ecología,Argentina,Geography. Anthropology. Recreation,47,33,No,Anonymous peer review
Sahel Medical Journal,Wolters Kluwer Medknow Publications,India,Medicine,47,28,Yes,Double anonymous peer review
Natalia,The Natal Society Foundation,South Africa,Social Sciences,47,32,No,Double anonymous peer review
Llengua & Literatura,Institut d'Estudis Catalans,Spain,Language and Literature,47,35.40000000000009,No,Double anonymous peer review
Forest Systems,Consejo Superior de Investigaciones Científicas (CSIC),Spain,Agriculture,47,28.600000000000023,No,Anonymous peer review
Journal of Biosocial Science,Cambridge University Press,United Kingdom,Science,47,30,Yes,Anonymous peer review
Journal of Basic and Applied Zoology,SpringerOpen,United Kingdom,Science,47,30,No,Anonymous peer review
فصلنامه سیاست,University of Tehran,"Iran, Islamic Republic of",Political science,47,32,Yes,Double anonymous peer review
CHEST Pulmonary,Elsevier,United States,Medicine,47,28,Yes,Double anonymous peer review
Journal of Pharmaceutical Analysis,Elsevier,Netherlands,Medicine,47,28,Yes,Double anonymous peer review
Liaoning Gongcheng Jishu Daxue Xuebao. Ziran Kexue Ban,Editorial Office of Journal of Liaoning Technical University,China,Science,47,30,Yes,Double anonymous peer review
Studies in Chinese Linguistics,Sciendo,Poland,Language and Literature,46,35.40000000000009,No,Double anonymous peer review
Biologia Plantarum,Institute of Experimental Botany of the Czech Academy of Sciences,Czechia,Science,46,30,Yes,Anonymous peer review
Prompt,The Prompt Journal,United States,Education,46,30,No,Anonymous peer review
Sociologisk Forskning,Swedish Sociological Association,Sweden,Social Sciences,46,32,No,Double anonymous peer review
Applied Artificial Intelligence,Taylor & Francis Group,United Kingdom,Science,46,30,Yes,Anonymous peer review
"Revista Entreideias: Educação, Cultura e Sociedade",​Universidade Federal da Bahia,Brazil,Education,46,30,No,Double anonymous peer review
Glossa,Union Nationale pour le Développement de la Recherche et de l’Évaluation en Orthophonie,France,Language and Literature,46,35.40000000000009,No,Double anonymous peer review
Cuadernos del CEMYR,"Universidad de La Laguna, Instituto de Estudios Medievales y Renacentistas.",Spain,Social Sciences,46,32,No,Double anonymous peer review
Applied Rheology,De Gruyter,Poland,Technology,46,28,Yes,Anonymous peer review
OpenSpaces,DuEPublico (Duisburg-Essen Publications online),Germany,Geography. Anthropology. Recreation,46,33,No,Double anonymous peer review
Public Health Research,NIHR Journals Library,United Kingdom,Medicine,46,28,No,Anonymous peer review
Communications in Kinesiology,"Society of Transparency, Openness, and Replication in Kinesiology",United States,Medicine,46,28,No,Peer review
Communication Management Review,Algebra Bernays University,Croatia,Social Sciences,46,32,No,Double anonymous peer review
Revue Roumaine de Géographie,Publishing House of the Romanian Academy,Romania,Geography. Anthropology. Recreation,46,33,No,Double anonymous peer review
Journal of Humanitarian Logistics and Supply Chain Management,Emerald Publishing,United Kingdom,Social Sciences,46,32,No,Double anonymous peer review
Administração Pública e Gestão Social,Universidade Federal de Viçosa,Brazil,Political science,46,32,No,Double anonymous peer review
Известия Саратовского университета. Новая серия: Акмеология образования. Психология развития,Saratov State University,Russian Federation,Education,46,30,No,Double anonymous peer review
Nordic Journal of African Studies,Nordic Africa Research Network,Denmark,Language and Literature,46,35.40000000000009,No,Double anonymous peer review
Papers,Universitat Autònoma de Barcelona,Spain,Social Sciences,46,32,No,Double anonymous peer review
Intelligent Medicine,Elsevier,Netherlands,Medicine,46,28,Yes,Anonymous peer review
Catalan Journal of Linguistics,Universitat Autònoma de Barcelona,Spain,Language and Literature,46,35.40000000000009,No,Double anonymous peer review
TheoretiCS,TheoretiCS Foundation e.V.,Germany,Science,46,30,No,Anonymous peer review
Journal of Dental Sciences,Elsevier,Netherlands,Medicine,46,28,Yes,Double anonymous peer review
Theologia Viatorum,AOSIS,South Africa,Philosophy. Psychology. Religion,46,30,Yes,Double anonymous peer review
Entre Ciencia e Ingeniería,Universidad Católica de Pereira,Colombia,Technology,46,28,No,Double anonymous peer review
Revista de Gastroenterología de México,Elsevier,Spain,Medicine,46,28,Yes,Double anonymous peer review
European Journal of International Security,Cambridge University Press,United Kingdom,Political science,46,32,Yes,Double anonymous peer review
Frontiers,The Forum on Education Abroad,United States,Education,45,30,No,Double anonymous peer review
Revista Fuentes,Editorial Universidad de Sevilla,Spain,Education,45,30,No,Double anonymous peer review
Advances in Radio Science,Copernicus Publications,Germany,Technology,45,28,Yes,Peer review
Spanish Journal of Agricultural Research,Consejo Superior de Investigaciones Científicas (CSIC),Spain,Agriculture,45,28.600000000000023,No,Anonymous peer review
Revista da Faculdade de Direito UFPR,Sistema de Bibliotecas (SIBI) da Universidade Federal do Paraná,Brazil,Social Sciences,45,32,No,Double anonymous peer review
Sub\urban,sub\urban. zeitschrift für kritische stadtforschung,Germany,Geography. Anthropology. Recreation,45,33,No,Double anonymous peer review
Quest. Issues in Contemporary Jewish History,Fondazione Centro di Documentazione Ebraica Contemporanea  CDEC,Italy,History (General) and history of Europe,45,40,No,Double anonymous peer review
Cogitare Enfermagem,Universidade Federal do Paraná,Brazil,Medicine,45,28,Yes,Peer review
Andean Geology,Servicio Nacional de Geología y Minería (SERNAGEOMIN),Chile,Science,45,30,No,Peer review
The Qualitative Report,Nova Southeastern University,United States,General Works,45,30.200000000000045,Yes,Open peer review
الکترومغناطیس کاربردی,Imam Hussein University,"Iran, Islamic Republic of",Technology,45,28,No,Double anonymous peer review
ASEAS - Austrian Journal of South-East Asian Studies,SEAS - Society for South-East Asian Studies,Austria,Political science,45,32,No,Double anonymous peer review
Zeitschrift für Interkulturellen Fremdsprachenunterricht,Universitäts- und Landesbibliothek Darmstadt,Germany,Language and Literature,45,35.40000000000009,No,Double anonymous peer review
Interações,Pontifícia Universidade Católica de Minas Gerais,Brazil,Philosophy. Psychology. Religion,45,30,No,Double anonymous peer review
Revista Latinoamericana de Metodología de las Ciencias Sociales,Universidad Nacional de La Plata,Argentina,Social Sciences,45,32,No,Double anonymous peer review
College and Research Libraries,Association of College and Research Libraries,United States,Bibliography. Library science. Information resources,45,30,No,Double anonymous peer review
پژوهش‌های بذر ایران,Yasouj University,"Iran, Islamic Republic of",Agriculture,45,28.600000000000023,No,Double anonymous peer review
Carsologica Sinica,"Institute of Karst Geology,Chinese Academy of Geological Science",China,Geography. Anthropology. Recreation,45,33,Yes,Double anonymous peer review
Revista Brasileira de Estudos Urbanos e Regionais,Associação Nacional de Pós-Graduação e Pesquisa em Planejamento Urbano e Regional (ANPUR),Brazil,Geography. Anthropology. Recreation,45,33,No,Double anonymous peer review
"Edukacja, Kultura, Społeczeństwo",University of Wrocław,Poland,History (General) and history of Europe,45,40,No,Double anonymous peer review
Musiques: Recherches Interdisciplinaires,Observatoire interdisciplinaire de création et de recherche en musique de l’Université Laval (OICRM-ULaval),Canada,Music and books on Music,45,40,No,Double anonymous peer review
Éclats,Université Bourgogne-Franche-Comté,France,Language and Literature,45,35.40000000000009,No,Double anonymous peer review
Educação em Foco,Universidade do Estado de Minas Gerais,Brazil,Education,45,30,No,Peer review
Library Resources & Technical Services,American Library Association,United States,Bibliography. Library science. Information resources,45,30,No,Double anonymous peer review
روانشناسی بالینی و شخصیت,Shahed University,"Iran, Islamic Republic of",Philosophy. Psychology. Religion,45,30,Yes,Double anonymous peer review
Complementary Medicine Journal of Faculty of Nursing and Midwifery,Arak University of Medical Sciences,"Iran, Islamic Republic of",Medicine,45,28,No,Double anonymous peer review
Nordic Journal of Vocational Education and Training,Linköping University Electronic Press,Sweden,Education,45,30,No,Double anonymous peer review
History Education Research Journal,UCL Press,United Kingdom,Education,45,30,No,Double anonymous peer review
Desenvolvimento e Meio Ambiente,Universidade Federal do Paraná,Brazil,Geography. Anthropology. Recreation,45,33,No,Double anonymous peer review
Interfaces: A Journal of Medieval European Literatures,University of Milan,Italy,Language and Literature,45,35.40000000000009,No,Double anonymous peer review
Chakiñan,Universidad Nacional de Chimborazo,Ecuador,Social Sciences,45,32,No,Double anonymous peer review
"Вестник Камчатской региональной ассоциации ""Учебно-научный центр"". Серия: Науки о Земле",Institute of Volcanology and Seismology FEB RAS,Russian Federation,Science,45,30,No,Anonymous peer review
Ciencias Holguín,Centro de Información y Gestión Tecnológica (CIGET) Holguín,Cuba,Technology,45,28,No,Double anonymous peer review
Iraqi Journal of Pharmaceutical Sciences,College of Pharmacy University of Baghdad,Iraq,Medicine,45,28,Yes,Double anonymous peer review
Boletim do Museu Paraense Emílio Goeldi. Ciências Naturais,Museu Paraense Emílio Goeldi,Brazil,Science,45,30,No,Double anonymous peer review
Global Constitutionalism,Cambridge University Press,United Kingdom,Political science,45,32,Yes,Double anonymous peer review
PASOS Revista de Turismo y Patrimonio Cultural,Instituto de Investigación Social y Turismo,Spain,Geography. Anthropology. Recreation,45,33,No,Double anonymous peer review
Journal of Arrhythmia,Wiley,Australia,Medicine,45,28,Yes,Anonymous peer review
"Arthroscopy, Sports Medicine, and Rehabilitation",Elsevier,United States,Medicine,45,28,Yes,Double anonymous peer review
Aging and Health Research,Elsevier,Netherlands,Medicine,45,28,Yes,Anonymous peer review
The Angle Orthodontist,E.H Angle Education and Research Foundation,United States,Medicine,45,28,No,Double anonymous peer review
Studia Aurea: Revista de Literatura Española y Teoría Literaria del Renacimiento y Siglo de Oro,Universitat Autònoma de Barcelona,Spain,Language and Literature,45,35.40000000000009,No,Double anonymous peer review
"Journal of Microbiology, Immunology and Infection",Elsevier,Netherlands,Science,45,30,Yes,Double anonymous peer review
Information Research: An International Electronic Journal,University of Borås,Sweden,Bibliography. Library science. Information resources,45,30,No,Double anonymous peer review
Bulletin de l’Institut Royal du Patrimoine Artistique,Institut royal du Patrimoine artistique - Koninklijk Instituut voor het Kunstpatrimonium,Belgium,Fine Arts,45,36,No,Double anonymous peer review
Educación XX1,Universidad Nacional de Educación a Distancia (UNED),Spain,Education,45,30,No,Peer review
Revue Européenne des Migrations Internationales,Université de Poitiers,France,Social Sciences,45,32,No,Double anonymous peer review
Revista Portuguesa de Educação,Universidade do Minho,Portugal,Education,45,30,No,Double anonymous peer review
Citizen Science: Theory and Practice,Ubiquity Press,United Kingdom,Science,45,30,Yes,Double anonymous peer review
Indian Journal of Radiology and Imaging,Thieme Medical and Scientific Publishers Pvt. Ltd.,India,Medicine,45,28,No,Anonymous peer review
South African Journal of Psychiatry,AOSIS,South Africa,Medicine,45,28,Yes,Double anonymous peer review
Middle East Fertility Society Journal,SpringerOpen,United Kingdom,Medicine,45,28,No,Anonymous peer review
Journal of King Saud University: Computer and Information Sciences,Springer,Switzerland,Science,45,30,Yes,Double anonymous peer review
Perspectives in Ecology and Conservation,Elsevier,Netherlands,Science,45,30,No,Anonymous peer review
Federal History,Society for History in the Federal Government,United States,History America,45,41.19999999999999,No,Anonymous peer review
Performing Arts Resources,Michigan Publishing Services,United States,Fine Arts,45,36,No,Double anonymous peer review
Acta Botanica Croatica,"University of Zagreb, Faculty of Science, Department of Biology",Croatia,Science,45,30,No,Anonymous peer review
Xiandai dianzi jishu,"Shaanxi Electronic Magazine Publishing Co., Ltd.",China,Technology,45,28,Yes,Double anonymous peer review
Junctions,"The Graduate School of Humanities, Utrecht University",Netherlands,General Works,45,30.200000000000045,No,Double anonymous peer review
Exercices de Rhétorique,UGA Éditions/Université Grenoble Alpes,France,Language and Literature,45,35.40000000000009,No,Double anonymous peer review
Cahiers Franco-Latino-Américains d’Études sur le Handicap,Réseau franco-latino-américain d’Études sourdes et sur le handicap,France,Social Sciences,45,32,No,Double anonymous peer review
Histoire Épistémologie Langage,Société d’histoire et d’épistémologie des sciences du langage,France,Language and Literature,44,35.40000000000009,No,Double anonymous peer review
Nordisk Tidskrift för Socioonomastik,Royal Swedish Academy of Swedish Folk Culture,Sweden,Language and Literature,44,35.40000000000009,No,Double anonymous peer review
Trasvases Entre la Literatura y el Cine,UMA Editorial,Spain,Language and Literature,44,35.40000000000009,No,Double anonymous peer review
"Abriu: Estudos de Textualidade do Brasil, Galicia e Portugal",Universitat de Barcelona,Spain,Language and Literature,44,35.40000000000009,No,Double anonymous peer review
Canadian Journal of Higher Education,Canadian Society for the Study of Higher Education,Canada,Education,44,30,No,Double anonymous peer review
工程科学学报,Science Press,China,Technology,44,28,Yes,Double anonymous peer review
Nonlinear Engineering,De Gruyter,Germany,Technology,44,28,Yes,Anonymous peer review
Perspectivas Rurales,"Universidad Nacional, Costa Rica",Costa Rica,Agriculture,44,28.600000000000023,No,Double anonymous peer review
Archives of Mental Health,Wolters Kluwer Medknow Publications,India,Medicine,44,28,No,Double anonymous peer review
Word and Text,Editura Universitatii Petrol-Gaze din Ploiesti,Romania,Language and Literature,44,35.40000000000009,No,Double anonymous peer review
Lexique,Université de Lille,France,Language and Literature,44,35.40000000000009,No,Double anonymous peer review
Geosul,Universidade Federal de Santa Catarina,Brazil,Geography. Anthropology. Recreation,44,33,No,Peer review
NANO,New York City College of Technology,United States,General Works,44,30.200000000000045,No,Anonymous peer review
Personality Neuroscience,Cambridge University Press,United Kingdom,Medicine,44,28,Yes,Double anonymous peer review
Topoi,Universidade Federal do Rio de Janeiro,Brazil,History America,44,41.19999999999999,No,Double anonymous peer review
Geography and Sustainability,Elsevier,Netherlands,Geography. Anthropology. Recreation,44,33,Yes,Double anonymous peer review
Gestão & Produção,Universidade Federal de São Carlos,Brazil,Technology,44,28,Yes,Anonymous peer review
Experimental Agriculture,Cambridge University Press,United Kingdom,Agriculture,44,28.600000000000023,Yes,Anonymous peer review
Revista de Investigación Lingüística,Servicio de Publicaciones de la Universidad de Murcia,Spain,Language and Literature,44,35.40000000000009,No,Double anonymous peer review
Caderno Brasileiro de Ensino de Física,Universidade Federal de Santa Catarina (UFSC),Brazil,Education,44,30,No,Double anonymous peer review
Acta Pharmaceutica Sinica B,Elsevier,Netherlands,Medicine,44,28,Yes,Double anonymous peer review
Estudos Econômicos,Universidade de São Paulo (USP),Brazil,Social Sciences,43,32,No,Double anonymous peer review
Natural Hazards and Earth System Sciences,Copernicus Publications,Germany,Technology,43,28,Yes,Open peer review
Open Life Sciences,De Gruyter,Poland,Science,43,30,Yes,Anonymous peer review
Revista Facultad de Odontología Universidad de Antioquia,Universidad de Antioquia,Colombia,Medicine,43,28,No,Double anonymous peer review
Sistemasi: Jurnal Sistem Informasi,Islamic University of Indragiri,Indonesia,Technology,43,28,No,Peer review
Archivos de Zootecnia,Universidad de Córdoba,Spain,Agriculture,43,28.600000000000023,No,Double anonymous peer review
International Journal of Alcohol and Drug Research,The Kettil Bruun Society for Social and Epidemiological Research on Alcohol,Canada,Medicine,43,28,Yes,Peer review
West African Journal of Open and Flexible Learning,"Regional Training and Research Institute for Distance and Open Learning (RETRIDOL), National Open University of Nigeria (NOUN)",Nigeria,Education,43,30,Yes,Double anonymous peer review
Journal of Radiation and Cancer Research,Wolters Kluwer Medknow Publications,India,Medicine,43,28,No,Double anonymous peer review
Cahiers Mondes Anciens,Anthropologie et Histoire des Mondes Antiques,France,Geography. Anthropology. Recreation,43,33,No,Double anonymous peer review
Zero-a-seis,Universidade Federal de Santa Catarina,Brazil,Education,43,30,No,Double anonymous peer review
European Journal of Management and Business Economics,Emerald Publishing,United Kingdom,Social Sciences,43,32,No,Double anonymous peer review
Journal of Water and Environment Technology,Japan Society on Water Environment,Japan,Technology,43,28,No,Peer review
Huanjing Kunchong Xuebao,Editorial Office of Journal of Environmental Entomology,China,Geography. Anthropology. Recreation,43,33,Yes,Anonymous peer review
Studia Psychologica,"Slovak Academy of Sciences, Centre of Social and Psychological Sciences",Slovakia,Philosophy. Psychology. Religion,43,30,No,Double anonymous peer review
Anuario Colombiano de Historia Social y de la Cultura,Universidad Nacional de Colombia,Colombia,History (General) and history of Europe,43,40,No,Double anonymous peer review
International Journal of Environmental Health Engineering,Wolters Kluwer Medknow Publications,India,Technology,43,28,Yes,Double anonymous peer review
Journal of Public Health and Primary Care,Wolters Kluwer Medknow Publications,India,Medicine,43,28,Yes,Double anonymous peer review
Shock and Vibration,Wiley,United Kingdom,Science,43,30,Yes,Anonymous peer review
Política & Sociedade,Universidade Federal de Santa Catarina,Brazil,Political science,43,32,No,Double anonymous peer review
EURO Journal on Computational Optimization,Elsevier,United Kingdom,Technology,43,28,Yes,Anonymous peer review
JAPhA Practice Innovations,Elsevier,United States,Medicine,43,28,Yes,Anonymous peer review
Journal of Vasyl Stefanyk Precarpathian National University,Vasyl Stefanyk Carpathian National University,Ukraine,Education,43,30,No,Double anonymous peer review
European Law Open,Cambridge University Press,United Kingdom,Law,43,25,Yes,Double anonymous peer review
First Nations Health and Wellbeing - The Lowitja Journal,Elsevier,Netherlands,Medicine,43,28,No,Anonymous peer review
Brazilian Journal of Pharmaceutical Sciences,"Universidade de São Paulo, Faculdade de Ciências Farmacêuticas",Brazil,Medicine,43,28,No,Anonymous peer review
Propulsion and Energy,Springer Nature Singapore Pte Ltd.,Singapore,Social Sciences,43,32,No,Double anonymous peer review
Journal of the South African Institution of Civil Engineers,South African Institution of Civil Engineering,South Africa,Technology,42,28,No,Anonymous peer review
Études et Travaux (Institute des Cultures Méditerranéennes et Orientales de l'Académie Polonaise des Sciences),Institute of Mediterranean and Oriental Cultures of the Polish Academy of Sciences,Poland,Auxiliary sciences of history,42,40,No,Double anonymous peer review
Collected Essays on Learning and Teaching,University of Windsor,Canada,Education,42,30,No,Double anonymous peer review
Res Historica,Wydawnictwo Uniwerystetu Marii Curie-Skłodowskiej,Poland,History (General) and history of Europe,42,40,No,Peer review
Revista Colombiana de Antropología,Instituto Colombiano de Antropología e Historia,Colombia,Geography. Anthropology. Recreation,42,33,No,Anonymous peer review
مطالعات اسلام و روانشناسی,Research Institute of Hawzah and University,"Iran, Islamic Republic of",Philosophy. Psychology. Religion,42,30,No,Double anonymous peer review
Journal of Childhood Studies,Canadian Association of Young Children,Canada,Education,42,30,No,Double anonymous peer review
Medien & Zeit,Arbeitskreis für historische Kommunikationsforschung (Working Committee for Historical Communication Research),Austria,Language and Literature,42,35.40000000000009,No,Double anonymous peer review
Ecosystems and People,Taylor & Francis Group,United Kingdom,Geography. Anthropology. Recreation,42,33,Yes,Double anonymous peer review
"Journal of Theoretical, Computational and Applied Mechanics",INRIA,France,Technology,42,28,No,Anonymous peer review
Journal of Global Studies and Contemporary Art,Universitat de Barcelona,Spain,Fine Arts,42,36,No,Anonymous peer review
Music Theory Online,Society for Music Theory,United States,Music and books on Music,42,40,No,Anonymous peer review
Zhejiang Daxue xuebao. Lixue ban,Zhejiang University Press,China,Science,42,30,Yes,Double anonymous peer review
Ribagua,Taylor & Francis Group,United Kingdom,Technology,42,28,Yes,Anonymous peer review
"Geomatics, Natural Hazards & Risk",Taylor & Francis Group,United Kingdom,Technology,42,28,Yes,Anonymous peer review
Shiyou shiyan dizhi,Editorial Office of Petroleum Geology and Experiment,China,Science,42,30,No,Double anonymous peer review
Stedelijk Studies,Stedelijk Museum Amsterdam,Netherlands,General Works,42,30.200000000000045,No,Double anonymous peer review
Cuadernos de Economía,Universidad Nacional de Colombia,Colombia,Social Sciences,42,32,No,Double anonymous peer review
Public Health Genomics,Karger Publishers,Switzerland,Medicine,42,28,Yes,Anonymous peer review
Jinshu shijie,Science Press,China,Technology,42,28,Yes,Double anonymous peer review
Propulsion and Power Research,"KeAi Communications Co., Ltd.",China,Technology,42,28,Yes,Anonymous peer review
"Culture, Practice & Europeanization",Nomos Verlagsgesellschaft mbH & Co. KG,Germany,Social Sciences,42,32,No,Double anonymous peer review
Automatika,Taylor & Francis Group,United Kingdom,Technology,42,28,Yes,Anonymous peer review
Linchuang shenzangbing zazhi,Editorial Department of Journal of Clinical Nephrology,China,Medicine,42,28,Yes,Anonymous peer review
IATSS Research,Elsevier,Netherlands,Social Sciences,42,32,Yes,Double anonymous peer review
Cuadernos de Ilustración y Romanticismo,Universidad de Cádiz,Spain,History (General) and history of Europe,42,40,No,Double anonymous peer review
Journal of Migration and Health,Elsevier,United Kingdom,Medicine,42,28,Yes,Anonymous peer review
Zeszyty Kaliskiego Towarzystwa Przyjaciół Nauk,Kalisz Society of Friends of Science,Poland,General Works,42,30.200000000000045,No,Double anonymous peer review
Multidisciplinary Biomechanics Journal,Société de Biomécanique,France,Technology,42,28,No,Anonymous peer review
Enfermería Cuidándote,Colegio Oficial de Enfermería de Málaga,Spain,Medicine,42,28,No,Double anonymous peer review
Plant Perspectives,The White Horse Press,United Kingdom,Social Sciences,42,32,No,Double anonymous peer review
Egyptian Journal of Critical Care Medicine,Springer,Germany,Medicine,42,28,No,Double anonymous peer review
Journal of Music Archaeology,Austrian Academy of Sciences Press,Austria,Music and books on Music,42,40,No,Double anonymous peer review
Vocations and Learning,Springer,Netherlands,Education,42,30,Yes,Double anonymous peer review
KSCE Journal of Civil Engineering,Elsevier,United States,Technology,42,28,Yes,Anonymous peer review
"Revista Psicologia, Diversidade e Saúde",Escola Bahiana de Medicina e Saúde Pública,Brazil,Philosophy. Psychology. Religion,42,30,No,Double anonymous peer review
Turkderm Turkish Archives of Dermatology and Venereology,Society of Dermatology and Venereology,Türkiye,Medicine,42,28,No,Double anonymous peer review
Journal of Applied Informatics and Technology,"Faculty of Informatics, Mahasarakham University",Thailand,Technology,42,28,No,Double anonymous peer review
Tempo Social,Universidade de Sâo Paulo,Brazil,Social Sciences,42,32,No,Double anonymous peer review
Configurações,Centro Interdisciplinar de Ciências Sociais - Polo da Universidade do Minho,Portugal,Social Sciences,42,32,No,Double anonymous peer review
Journal of Greek Linguistics,Brill,Netherlands,Language and Literature,42,35.40000000000009,Yes,Double anonymous peer review
"ACTIO Journal of Technology in Design, Film Arts and Visual Communication",Universidad Nacional de Colombia,Colombia,Fine Arts,41,36,No,Double anonymous peer review
International Journal of Occupational Medicine and Environmental Health,Nofer Institute of Occupational Medicine,Poland,Medicine,41,28,Yes,Double anonymous peer review
kommunikation@gesellschaft,Hamburg University Press,Germany,Language and Literature,41,35.40000000000009,No,Open peer review
Journal of Intellectual Property Rights,CSIR-NIScPR,India,Social Sciences,41,32,No,Double anonymous peer review
Sociální studia,"Masaryk University, Faculty of Social Studies",Czechia,Social Sciences,41,32,No,Double anonymous peer review
Gülhane Tıp Dergisi,"Gülhane Faculty of Medicine, University of Health Sciences Türkiye",Türkiye,Medicine,41,28,No,Double anonymous peer review
Journal for Theoretical & Marginal Mathematics Education,The Critical Philosophical & Psychoanalytic Institute for Mathematics Education,United States,Education,41,30,No,Open peer review
Journal of Ethnology and Folkloristics,Sciendo,Poland,Geography. Anthropology. Recreation,41,33,No,Double anonymous peer review
International Journal of Food Properties,Taylor & Francis Group,United Kingdom,Technology,41,28,Yes,Anonymous peer review
Thoracic Cancer,Wiley,United Kingdom,Medicine,41,28,Yes,Anonymous peer review
Transactions of the London Mathematical Society,Wiley,United Kingdom,Science,41,30,Yes,Peer review
Fasciculi Archaeologiae Historicae,Institute of Archaeology and Ethnology Polish Academy of Sciences,Poland,Auxiliary sciences of history,41,40,No,Double anonymous peer review
Beiträge zur Lehrerinnen- und Lehrerbildung,Bern Open Publishing,Switzerland,Education,41,30,No,Peer review
Worldwide Waste,The White Horse Press,United Kingdom,Technology,41,28,No,Double anonymous peer review
پژوهش‌نامه کتابداری و اطلاع‌رسانی,Ferdowsi University of Mashhad,"Iran, Islamic Republic of",Bibliography. Library science. Information resources,41,30,Yes,Double anonymous peer review
四川大学学报. 自然科学版,Editorial Department of Journal of Sichuan University (Natural Science Edition),China,Science,41,30,Yes,Double anonymous peer review
Arqueología y Territorio Medieval,Universidad de Jaén,Spain,History (General) and history of Europe,41,40,No,Double anonymous peer review
"Interface: Comunicação, Saúde, Educação",Universidade Estadual Paulista Júlio de Mesquita Filho (UNESP),Brazil,Medicine,41,28,Yes,Double anonymous peer review
IET Information Security,Wiley,United Kingdom,Technology,41,28,Yes,Anonymous peer review
Agriculture & Food Security,BMC,United Kingdom,Agriculture,41,28.600000000000023,Yes,Anonymous peer review
Business and Politics,Cambridge University Press,United Kingdom,Social Sciences,41,32,Yes,Double anonymous peer review
Relaciones de la Sociedad Argentina de Antropología,Sociedad Argentina de Antropología,Argentina,Geography. Anthropology. Recreation,40,33,No,Peer review
Health Promotion and Chronic Disease Prevention in Canada,Public Health Agency of Canada,Canada,Medicine,40,28,No,Double anonymous peer review
Tecnura,Universidad Distrital Francisco Jose de Caldas,Colombia,Technology,40,28,No,Double anonymous peer review
Martor,National Museum of the Romanian Peasant,Romania,Geography. Anthropology. Recreation,40,33,No,Double anonymous peer review
Edad Media,Ediciones Universidad de Valladolid,Spain,History (General) and history of Europe,40,40,No,Double anonymous peer review
Erasmo: Revista de Historia Bajomedieval y Moderna,Universidad de Valladolid,Spain,History (General) and history of Europe,40,40,No,Double anonymous peer review
Annales Universitatis Paedagogicae Cracoviensis. Studia de Cultura,Uniwersytet Pedagogiczny im. Komisji Edukacji Narodowej w Krakowie,Poland,Geography. Anthropology. Recreation,40,33,No,Double anonymous peer review
Nordic Wittgenstein Review,Nordic Wittgenstein Society,Finland,Philosophy. Psychology. Religion,40,30,No,Double anonymous peer review
فصلنامه فرهنگی- تربیتی زنان و خانواده,Imam Hussein University,"Iran, Islamic Republic of",Education,40,30,No,Double anonymous peer review
Zhileng xuebao,"Journal of Refrigeration Magazines Agency Co., Ltd.",China,Technology,40,28,Yes,Double anonymous peer review
Pensamiento Crítico,Universidad Nacional Mayor de San Marcos,Peru,Social Sciences,40,32,No,Peer review
Cahiers des Études Anciennes,University of Ottawa & Laval University,Canada,History (General) and history of Europe,40,40,No,Anonymous peer review
In Situ,Ministère de la Culture et de la Communication,France,Fine Arts,40,36,No,Peer review
Mandenkan,"Mandenkan, Langage, Langues et Cultures d’Afrique Noire",France,Language and Literature,40,35.40000000000009,No,Double anonymous peer review
Obiter,Nelson Mandela University,South Africa,Law,40,25,Yes,Anonymous peer review
野生动物学报,Editorial Department of Chinese Journal of Wildlife,China,Science,40,30,Yes,Double anonymous peer review
Historical Studies in Education,Canadian History of Education Association,Canada,Education,40,30,No,Anonymous peer review
Zhongguo Kuangye,"China Mining Magazine Co., Ltd",China,Technology,40,28,Yes,Double anonymous peer review
Umática,University of Malaga,Spain,Fine Arts,40,36,No,Double anonymous peer review
Cailiao gongcheng,Journal of Materials Engineering,China,Technology,40,28,Yes,Anonymous peer review
Інформаційні технології і засоби навчання,Institute for Digitalisation of Education of the NAES of Ukraine,Ukraine,Education,40,30,No,Double anonymous peer review
Global Africa,Gaston Berger University,Senegal,Social Sciences,40,32,No,Double anonymous peer review
Coaching Psykologi: The Danish Journal of Coaching Psychology,Aalborg University Open Publishing,Denmark,Philosophy. Psychology. Religion,40,30,No,Double anonymous peer review
C&T,Instituto Militar de Engenharia,Brazil,Technology,40,28,No,Double anonymous peer review
Franciscanum,Universidad de San Buenaventura,Colombia,Philosophy. Psychology. Religion,40,30,No,Double anonymous peer review
Emancipação,Universidade Estadual de Ponta Grossa,Brazil,Social Sciences,40,32,No,Double anonymous peer review
Universidad y Sociedad,Universidad de Cienfuegos,Cuba,Education,40,30,No,Peer review
International Journal of Designs for Learning,Indiana University Office of Scholarly Publishing,United States,Fine Arts,40,36,No,Anonymous peer review
Yod,Institut National des Langues et Civilisations Orientales,France,Language and Literature,40,35.40000000000009,No,Double anonymous peer review
Jahrbuch Musikpsychologie,PsychOpen GOLD/ Leibniz Institute for Psychology,Germany,Music and books on Music,40,40,No,Double anonymous peer review
HipoTesis Serie Numerada,Plataforma HipoTesis,Spain,General Works,40,30.200000000000045,No,Double anonymous peer review
Journal of Airline and Airport Management,OmniaScience,Spain,Social Sciences,40,32,No,Double anonymous peer review
Maejo International Journal of Science and Technology,Maejo University,Thailand,Technology,40,28,Yes,Double anonymous peer review
La Bretagne Linguistique,Université de Bretagne Occidentale – UBO,France,Language and Literature,40,35.40000000000009,No,Double anonymous peer review
Dramatherapy,Intellect,United Kingdom,Language and Literature,40,35.40000000000009,No,Double anonymous peer review
Revue de Géographie Alpine,Institut de Géographie Alpine,France,Geography. Anthropology. Recreation,40,33,No,Double anonymous peer review
Laboreal,Universidade do Porto,Portugal,Medicine,40,28,No,Double anonymous peer review
European Journal of Spatial Development,Politecnico di Torino,Italy,Social Sciences,40,32,No,Double anonymous peer review
Swiss Journal of Sociocultural Anthropology,Bern Open Publishing,Switzerland,Geography. Anthropology. Recreation,40,33,No,Double anonymous peer review
پژوهشهای اقتصادی,Tarbiat Modares University,"Iran, Islamic Republic of",Social Sciences,40,32,Yes,Double anonymous peer review
Revue Gouvernance,Centre d’études en gouvernance de l’Université d’Ottawa / Centre on Governance University of Ottawa,Canada,Political science,40,32,No,Double anonymous peer review
Jurnal Penelitian dan Pembelajaran IPA,"Department of Science Education, Faculty of Teacher Training and Education, Universitas Sultan Ageng Tirtayasa",Indonesia,Education,40,30,Yes,Double anonymous peer review
Zhongguo youzhi,中粮工科（西安）国际工程有限公司,China,Technology,40,28,Yes,Double anonymous peer review
Střed,Masaryk Institute and Archives of the Czech Academy of Sciences,Czechia,History (General) and history of Europe,40,40,No,Double anonymous peer review
"Enfances, Familles, Générations",Centre Urbanisation Culture Société (UCS) de l'INRS,Canada,Geography. Anthropology. Recreation,40,33,No,Double anonymous peer review
Central European Journal of International & Security Studies,Metropolitan University Prague,Czechia,Political science,40,32,No,Double anonymous peer review
The Journal for Undergraduate Ethnography,Dalhousie University Libraries,Canada,Geography. Anthropology. Recreation,40,33,No,Editorial review
Etnografia Polska,Institute of Archaeology and Ethnology Polish Academy of Sciences,Poland,Geography. Anthropology. Recreation,40,33,No,Double anonymous peer review
Theatralia,Masaryk University,Czechia,Language and Literature,40,35.40000000000009,No,Double anonymous peer review
Journal of Interdisciplinary Teacher Leadership,Kenan Fellows Program for Teacher Leadership,United States,Education,40,30,No,Double anonymous peer review
Research on Finnish Society,Turun korkeakoulujen yhteiskunnallistaloudellinen tutkimusyhdistys,Finland,History (General) and history of Europe,40,40,No,Double anonymous peer review
Uniciencia,"Universidad Nacional, Costa Rica",Costa Rica,Science,40,30,No,Double anonymous peer review
Transactions of Nanjing University of Aeronautics and Astronautics,Editorial Office of Transactions of Nanjing University of Aeronautics and Astronautics,China,Technology,40,28,Yes,Double anonymous peer review
The International Journal of Screendance,The Ohio State University Libraries,United States,Fine Arts,40,36,No,Double anonymous peer review
RASAL Lingüística,Sociedad Argentina de Estudios Lingüísticos,Argentina,Language and Literature,40,35.40000000000009,No,Double anonymous peer review
Advances in Southeast Asian Studies,Society for South-East Asian Studies,Austria,Philosophy. Psychology. Religion,40,30,No,Double anonymous peer review
Sexual Offending,PsychOpen GOLD/ Leibniz Institute for Psychology,Germany,Philosophy. Psychology. Religion,40,30,No,Anonymous peer review
Schweizerische Zeitschrift für Bildungswissenschaften,Bern Open Publishing,Switzerland,Education,40,30,No,Peer review
"Media, Kultura, Komunikacja Społeczna",Wydawnictwo Uniwersytetu Warmińsko-Mazurskiego w Olsztynie,Poland,Language and Literature,40,35.40000000000009,No,Double anonymous peer review
Promotion de la santé et prévention des maladies chroniques au Canada,Agence de la santé publique du Canada,Canada,Medicine,40,28,No,Double anonymous peer review
School Community Journal,Academic Development Institute,United States,Education,40,30,No,Anonymous peer review
Recherches Germaniques,Presses universitaires de Strasbourg,France,Fine Arts,40,36,No,Double anonymous peer review
Revista Nebrija de Linguistica Aplicada a la Enseñanza de Lenguas,Universidad Nebrija,Spain,Education,40,30,No,Double anonymous peer review
اقتصاد مقداری,Shahid Chamran University of Ahvaz,"Iran, Islamic Republic of",Social Sciences,40,32,Yes,Anonymous peer review
Nordisk Museologi,"Centre for Museum Studies, Department of Culture Studies and Oriental Languages, University of Oslo",Norway,General Works,40,30.200000000000045,No,Double anonymous peer review
Económica,Universidad Nacional de La Plata,Argentina,Social Sciences,40,32,No,Double anonymous peer review
"Annales Universitatis Mariae Curie-Skłodowska. Sectio A, Mathematica",Maria Curie-Skłodowska University,Poland,Science,40,30,No,Anonymous peer review
Zoophilologica,University of Silesia Press,Poland,Science,40,30,No,Double anonymous peer review
Chinese Journal of Magnetic Resonance,Science Press,China,Science,40,30,Yes,Anonymous peer review
Deutsches Ärzteblatt,Deutscher Ärzte-Verlag,Germany,Medicine,40,28,No,Peer review
SMAD: Revista Eletrônica Saúde Mental Álcool e Drogas,Escola de Enfermagem de Ribeirão Preto da Universidade de São Paulo,Brazil,Medicine,40,28,Yes,Peer review
Jeugd in Ontwikkeling,Stichting Kennisbevordering Jeugd in Ontwikkeling,Netherlands,Medicine,40,28,No,Anonymous peer review
Studia Filmoznawcze,Wydawnictwo Uniwersytetu Wrocławskiego,Poland,Fine Arts,40,36,No,Double anonymous peer review
Theory and Practice of Second Language Acquisition,University of Silesia Press,Poland,Education,40,30,No,Double anonymous peer review
Bezmiâlem Science,Bezmiâlem Vakif University,Türkiye,Medicine,40,28,No,Double anonymous peer review
Passage,Hasselt University,Belgium,Fine Arts,40,36,No,Peer review
Acta Scientiarum: Technology,Universidade Estadual de Maringá,Brazil,Technology,40,28,No,Double anonymous peer review
دراسات: علوم الشريعة والقانون,"Deanship of Scientific Research (DSR), the University of Jordan",Jordan,Law,40,25,Yes,Double anonymous peer review
Economía Teoría y Práctica,Universidad Autónoma Metropolitana,Mexico,Social Sciences,40,32,No,Double anonymous peer review
International Islamic University Malaysia Engineering Journal,"IIUM Press, International Islamic University Malaysia",Malaysia,Technology,40,28,Yes,Double anonymous peer review
Journal of Deliberative Democracy,University of Westminster Press,United Kingdom,Political science,40,32,No,Double anonymous peer review
Encounters in Theory and History of Education,Queen's University,Canada,Education,40,30,No,Anonymous peer review
Indian Journal of Natural Products and Resources,NISCAIR,India,Agriculture,40,28.600000000000023,No,Double anonymous peer review
Temas de Historia Argentina y Americana,Instituto de Historia Argentina y Americana,Argentina,History (General) and history of Europe,40,40,No,Double anonymous peer review
Bulletin of the Polish Academy of Sciences: Technical Sciences,Polish Academy of Sciences,Poland,Technology,40,28,Yes,Double anonymous peer review
Valuation Studies,Linköping University Electronic Press,Sweden,Social Sciences,40,32,No,Double anonymous peer review
Análise Social,Instituto de Ciências Sociais da Universidade de Lisboa,Portugal,Political science,40,32,No,Double anonymous peer review
Journal of Social and Political Psychology,PsychOpen GOLD/ Leibniz Institute for Psychology,Germany,Philosophy. Psychology. Religion,40,30,No,Double anonymous peer review
Cuadernos de Investigación Filológica,Universidad de La Rioja,Spain,Language and Literature,40,35.40000000000009,No,Double anonymous peer review
Mathematical Communications,"Department of Mathematics, J.J. Strossmayer University of Osijek in cooperation with the Osijek Mathematical Society",Croatia,Science,40,30,No,Anonymous peer review
Meikuang Anquan,Editorial Office of Safety in Coal Mines,China,Technology,40,28,Yes,Double anonymous peer review
Finnish Journal of Social Research,Society of Social and Economic Research in the Universities of Turku,Finland,Social Sciences,40,32,No,Double anonymous peer review
Gestão & Tecnologia de Projetos,Universidade de São Paulo,Brazil,Fine Arts,40,36,No,Peer review
Ljetopis socijalnog rada,"University of Zagreb, Faculty of Law",Croatia,Social Sciences,40,32,No,Double anonymous peer review
Neuphilologische Mitteilungen,Modern Language Society of Helsinki,Finland,Language and Literature,40,35.40000000000009,No,Double anonymous peer review
Programación Matemática y Software,Universidad Autónoma del Estado de Morelos,Mexico,Science,40,30,No,Anonymous peer review
Cahiers Balkaniques,Centre d'Études Balkaniques,France,Language and Literature,40,35.40000000000009,No,Peer review
Sri Lanka Journal of Social Sciences,National Science Foundation of Sri Lanka,Sri Lanka,Geography. Anthropology. Recreation,40,33,No,Double anonymous peer review
فصلنامه مطالعات رفتار سازمانی,Academy of Orgazational Behavior Managment,"Iran, Islamic Republic of",Social Sciences,40,32,Yes,Double anonymous peer review
Revue Roumaine d'Histoire de l'Art : Série Beaux-Arts,Publishing House of the Romanian Academy,Romania,Fine Arts,40,36,No,Anonymous peer review
Archeologia e Calcolatori,Edizioni All'Insegna del Giglio,Italy,Auxiliary sciences of history,40,40,No,Double anonymous peer review
Zhongguo cuzhong zazhi,Editorial Department of Chinese Journal of Stroke,China,Medicine,40,28,Yes,Double anonymous peer review
Savoirs en Lien,Éditions universitaires de Dijon,France,Auxiliary sciences of history,40,40,No,Anonymous peer review
King Khalid University Journal of Health Sciences,Wolters Kluwer Medknow Publications,India,Medicine,40,28,No,Double anonymous peer review
Pós: Revista do Programa de Pós-Graduação em Arquitetura e Urbanismo da FAUUSP,Universidade de São Paulo (USP),Brazil,Fine Arts,40,36,No,Double anonymous peer review
Mundo Nano,Universidad Nacional Autónoma de México,Mexico,Technology,40,28,No,Double anonymous peer review
Occasional Paper Series,Bank Street College of Education,United States,Education,40,30,No,Double anonymous peer review
Matrizes,Universidade de São Paulo,Brazil,Social Sciences,40,32,No,Double anonymous peer review
Van Yüzüncü Yıl Üniversitesi Mühendislik Fakültesi Dergisi,Van Yuzuncu Yil University,Türkiye,Technology,40,28,No,Double anonymous peer review
Global Business Languages,George Washington University,United States,Language and Literature,40,35.40000000000009,No,Double anonymous peer review
Anali Hrvatskog Politološkog Društva,"Faculty of Political Science, University of Zagreb, Croatia",Croatia,Political science,40,32,No,Double anonymous peer review
Connections,Sciendo,Poland,Science,40,30,No,Peer review
Teacher Education through Flexible Learning in Africa,"Unit for Distance Education, Faculty of Education, University of Pretoria",South Africa,Education,40,30,Yes,Double anonymous peer review
Gaceta Mexicana de Oncología,Permanyer,Mexico,Medicine,40,28,No,Double anonymous peer review
Fuzzy Information and Engineering,Tsinghua University Press,China,Technology,40,28,No,Double anonymous peer review
Erasmus Journal for Philosophy and Economics,Erasmus Institute for Philosophy and Economics,Netherlands,Social Sciences,40,32,No,Double anonymous peer review
Via Atlântica,Universidade de São Paulo (USP),Brazil,Language and Literature,40,35.40000000000009,No,Double anonymous peer review
Polish Political Science Review,Sciendo,Poland,Political science,40,32,No,Double anonymous peer review
Жанры речи,Saratov State University,Russian Federation,Language and Literature,40,35.40000000000009,No,Anonymous peer review
Prace Komisji Geografii Przemysłu Polskiego Towarzystwa Geograficznego,Uniwersytet Pedagogiczny im. Komisji Edukacji Narodowej w Krakowie,Poland,Social Sciences,40,32,No,Double anonymous peer review
Mélanges de la Casa de Velázquez,Casa de Velázquez,Spain,History (General) and history of Europe,40,40,No,Double anonymous peer review
Ledger,"University Library System, University of Pittsburgh",United States,Science,40,30,No,Anonymous peer review
Revista Latinoamericana de Estudios de Familia,Universidad de Caldas,Colombia,Social Sciences,40,32,No,Double anonymous peer review
Distances et Médiations des Savoirs,Centre National d'Enseignement à Distance,France,Education,40,30,No,Double anonymous peer review
Cadernos de Pesquisa,Universidade Federal do Maranhão,Brazil,Education,40,30,No,Peer review
Réflexions Sportives,"Institut des Sciences du Sport, Université Hassan Premier de Settat",Morocco,Geography. Anthropology. Recreation,40,33,No,Double anonymous peer review
International Journal of Sociology of Education,Hipatia Press,Spain,Education,40,30,Yes,Double anonymous peer review
Belleten,Türk Tarih Kurumu,Türkiye,Auxiliary sciences of history,40,40,No,Double anonymous peer review
"Language, Discourse & Society",International Sociological Association,Spain,Social Sciences,40,32,No,Double anonymous peer review
Historia,Historical Association of South Africa,South Africa,History (General) and history of Europe,40,40,Yes,Double anonymous peer review
康复学报,Editorial Office of Rehabilitation Medicine,China,Medicine,40,28,Yes,Double anonymous peer review
International Journal of Design,Chinese Institute of Design,"Taiwan, Province of China",Technology,40,28,Yes,Double anonymous peer review
Acta Biomaterialia Odontologica Scandinavica,Medical Journals Sweden,United Kingdom,Medicine,40,28,Yes,Double anonymous peer review
Perspectives Interdisciplinaires sur le Travail et la Santé,Institut de Recherche Robert-Sauvé en Santé et en Sécurité du Travail (IRSST),Canada,Medicine,40,28,No,Double anonymous peer review
Revista de Enfermagem da Universidade Federal de Santa Maria,Universidade Federal de Santa Maria,Brazil,Medicine,40,28,Yes,Peer review
Shiyou huagong gaodeng xuexiao xuebao,Editorial Department of Journal of Petrochemical Universities,China,Technology,40,28,Yes,Double anonymous peer review
Alue ja ympäristö,Yhteiskuntatieteellisen ympäristötutkimuksen seura ry,Finland,Geography. Anthropology. Recreation,40,33,No,Double anonymous peer review
Afro-Ásia,Universidade Federal da Bahia - Centro de Estudos Afro-Orientais,Brazil,History (General) and history of Europe,40,40,No,Double anonymous peer review
BAR: Brazilian Administration Review,Associação Nacional de Pós-Graduação e Pesquisa em Administração (ANPAD),Brazil,Social Sciences,40,32,No,Double anonymous peer review
工程科学与技术,Editorial Department of Journal of Sichuan University (Engineering Science Edition),China,Technology,40,28,Yes,Double anonymous peer review
Archiwa - Kancelarie - Zbiory,Nicolaus Copernicus University in Toruń,Poland,Auxiliary sciences of history,40,40,No,Double anonymous peer review
Journal of Human Sciences and Extension,Mississippi State University,United States,Education,40,30,No,Double anonymous peer review
Echo des Etudes Romanes,"University of South Bohemia, Ceske Budejovice",Czechia,Language and Literature,40,35.40000000000009,No,Double anonymous peer review
Stylistyka,Uniwersytet Opolski,Poland,Language and Literature,40,35.40000000000009,No,Double anonymous peer review
Architecture Image Studies Scientific Journal,AP2,Portugal,Fine Arts,40,36,Yes,Anonymous peer review
Liaoning Shiyou Huagong Daxue xuebao,Editorial Department of Journal of Liaoning Petrochemical University,China,Technology,40,28,Yes,Double anonymous peer review
Translation and Interpreting : the International Journal of Translation and Interpreting Research,Western Sydney University,Australia,Language and Literature,40,35.40000000000009,No,Double anonymous peer review
Journal of Spinoza Studies,University of Groningen Press,Netherlands,Philosophy. Psychology. Religion,40,30,No,Double anonymous peer review
Zagłada Żydów,Stowarzyszenie Centrum Badan nad Zaglada Zydow,Poland,History (General) and history of Europe,40,40,No,Double anonymous peer review
Journal of Curriculum Theorizing,Foundation for Curriculum Theory,United States,Education,40,30,No,Double anonymous peer review
Kronstädter Beiträge zur Germanistischen Forschung,Aldus Verlag Kronstadt/Brașov,Romania,Language and Literature,40,35.40000000000009,No,Double anonymous peer review
مطالعات شهری,University of Kurdistan,"Iran, Islamic Republic of",Fine Arts,40,36,Yes,Double anonymous peer review
NAMMCO Scientific Publications,Septentrio Academic Publishing,Norway,Science,40,30,No,Anonymous peer review
Copernican Journal of Finance & Accounting,Nicolaus Copernicus University in Toruń,Poland,Social Sciences,40,32,No,Double anonymous peer review
Krakowski Rocznik Archiwalny,National Archives in Kraków,Poland,History (General) and history of Europe,40,40,No,Double anonymous peer review
Indian Journal of Animal Sciences,Indian Council of Agricultural Research,India,Agriculture,40,28.600000000000023,No,Peer review
Diance yu yibiao,"Harbin Jinhe Electrical Measurement & Instrumentation Magazine Publishing Co., Ltd.",China,Science,40,30,Yes,Double anonymous peer review
Revista de Ensino de Ciências e Matemática,"Universidade Cruzeiro do Sul, Ensino de Ciências e Matemática",Brazil,Science,40,30,No,Double anonymous peer review
Conflict & Communication Online,Berlin Regener Publishing House,Germany,Philosophy. Psychology. Religion,40,30,Yes,Anonymous peer review
Revista do Direito,Universidade de Santa Cruz do Sul,Brazil,Law,40,25,No,Anonymous peer review
Srpski Arhiv za Celokupno Lekarstvo,Serbian Medical Society,Serbia,Medicine,40,28,No,Double anonymous peer review
Cahiers ERTA,University of Gdańsk,Poland,Language and Literature,40,35.40000000000009,No,Double anonymous peer review
CLEI Electronic Journal,Centro Latinoamericano de Estudios en Informática,Chile,Science,40,30,No,Anonymous peer review
Folklor/Edebiyat,Cyprus International University,Cyprus,Geography. Anthropology. Recreation,40,33,Yes,Double anonymous peer review
Revista de Estudios Kantianos,Sociedad de Estudios Kantianos en Lengua Española (SEKLE),Spain,Philosophy. Psychology. Religion,40,30,No,Double anonymous peer review
Ensayos Pedagógicos,"Universidad Nacional, Costa Rica",Costa Rica,Education,40,30,No,Double anonymous peer review
Boletim Gaùcho de Geografia,"Associação dos Geógrafos Brasileiros, Seção de Porto Alegre",Brazil,Geography. Anthropology. Recreation,40,33,No,Double anonymous peer review
IJQHC Communications,Oxford University Press,United Kingdom,Medicine,40,28,Yes,Double anonymous peer review
International Journal of Industrial Management,Universiti Malaysia Pahang Al-Sultan Abdullah Publishing,Malaysia,Technology,40,28,No,Anonymous peer review
Revista 16 de Abril,Universidad de Ciencias Médicas de La Habana,Cuba,Medicine,40,28,No,Double anonymous peer review
Höyük,Türk Tarih Kurumu,Türkiye,Auxiliary sciences of history,40,40,No,Double anonymous peer review
Journal of Open Hardware,"Western Libraries, The University of Western Ontario",Canada,Technology,40,28,No,Anonymous peer review
Journal of Teaching and Learning with Technology,Indiana University Office of Scholarly Publishing,United States,Education,40,30,No,Double anonymous peer review
Contemporânea,Universidade Federal de São Carlos,Brazil,Social Sciences,40,32,No,Double anonymous peer review
Cadernos de Fraseoloxía Galega,Centro Ramón Piñeiro para a Investigación en Humanidades (Xunta de Galicia),Spain,Language and Literature,40,35.40000000000009,No,Double anonymous peer review
Belgeler,Türk Tarih Kurumu,Türkiye,Auxiliary sciences of history,40,40,No,Double anonymous peer review
Populations Vulnérables,Université de Bourgogne,France,Social Sciences,40,32,No,Double anonymous peer review
"Journal of Cybersecurity Education, Research & Practice",Kennesaw State University,United States,Education,40,30,No,Double anonymous peer review
"Annales, Series Historia et Sociologia","The Historical Society of Southern Primorska of Koper & Institute IRRIS for Research, Development and Strategies of Society, Culture and Environment",Slovenia,Social Sciences,40,32,No,Double anonymous peer review
Acta Scientiarum. Health Sciences,Universidade Estadual de Maringá,Brazil,Medicine,40,28,No,Double anonymous peer review
El Trimestre Económico,Fondo de Cultura Económica,Mexico,Social Sciences,40,32,No,Double anonymous peer review
Onoba. Revista de Arqueología y Antigüedad,Universidad de Huelva,Spain,Auxiliary sciences of history,40,40,No,Double anonymous peer review
Gomal Journal of Medical Sciences,"Gomal Medical College, D.I.Khan, Pakistan",Pakistan,Medicine,40,28,Yes,Double anonymous peer review
Polibotánica,Escuela Nacional de Ciencias Biológicas,Mexico,Science,40,30,Yes,Double anonymous peer review
Вестник антропологии,the Russian Academy of Sciences N. N. Miklouho-Maklay Institute of Ethnology and Anthropology,Russian Federation,Geography. Anthropology. Recreation,40,33,No,Double anonymous peer review
Payesh,Iranian Institute for Health Sciences Research,"Iran, Islamic Republic of",Medicine,40,28,No,Peer review
Fisioterapia e Pesquisa,Universidade de São Paulo,Brazil,Medicine,40,28,No,Double anonymous peer review
REAd,Universidade Federal do Rio Grande do Sul,Brazil,Social Sciences,40,32,No,Anonymous peer review
Journal of Research Management and Administration,Coventry Univerity,United Kingdom,Social Sciences,40,32,No,Double anonymous peer review
Global Hip Hop Studies,Intellect,United Kingdom,Music and books on Music,40,40,No,Double anonymous peer review
Diálogos Pedagógicos,Universidad Católica de Córdoba,Argentina,Education,40,30,No,Double anonymous peer review
Film Education Journal,UCL Press,United Kingdom,Fine Arts,40,36,No,Double anonymous peer review
Studies in Communication Sciences,Seismo Verlag,Switzerland,Language and Literature,40,35.40000000000009,No,Double anonymous peer review
Journal of Numerical Cognition,PsychOpen GOLD/ Leibniz Insitute for Psychology,Germany,Philosophy. Psychology. Religion,40,30,No,Double anonymous peer review
Encounters on Education,Queen's University,Canada,Education,40,30,No,Anonymous peer review
Sociologija,Sociological Scientific Society of Serbia,Serbia,Social Sciences,40,32,No,Double anonymous peer review
Matèria,Universitat de Barcelona,Spain,Fine Arts,40,36,No,Double anonymous peer review
Boletín de Estudios Económicos,University of Deusto,Spain,Social Sciences,40,32,No,Double anonymous peer review
Atti della Accademia Nazionale dei Lincei. Rendiconti Lincei. Matematica e Applicazioni,EMS Press,Germany,Science,40,30,No,Anonymous peer review
Journal of Applied Economics,Taylor & Francis Group,United Kingdom,Social Sciences,40,32,Yes,Double anonymous peer review
Kouqiang yixue,Editorial Office of Stomatology,China,Medicine,40,28,Yes,Anonymous peer review
Archival Notes,Fondazione Giorgio Cini,Italy,Music and books on Music,40,40,No,Double anonymous peer review
Journal of Head & Neck Physicians and Surgeons,Wolters Kluwer Medknow Publications,India,Medicine,40,28,No,Double anonymous peer review
Moravian Geographical Reports,Sciendo,Poland,Geography. Anthropology. Recreation,40,33,No,Double anonymous peer review
SAHARA-J,Taylor & Francis Group,United Kingdom,Medicine,40,28,Yes,Double anonymous peer review
Revista Eletrônica de Ciência Administrativa,Instituto Brasileiro de Estudos e Pesquisas Sociais,Brazil,Social Sciences,40,32,No,Double anonymous peer review
Alphaville: Journal of Film and Screen Media,University College Cork,Ireland,Fine Arts,40,36,No,Double anonymous peer review
Derechos y Libertades,Universidad Carlos III de Madrid,Spain,Law,40,25,No,Double anonymous peer review
RIDE,Institut für Dokumentologie und Editorik e. V.,Germany,General Works,40,30.200000000000045,No,Double anonymous peer review
Nordic Studies in Education,Cappelen Damm Akademisk NOASP,Norway,Education,40,30,No,Double anonymous peer review
Mediações: Revista de Ciências Sociais,Universidade Estadual de Londrina,Brazil,Social Sciences,40,32,No,Double anonymous peer review
iForest - Biogeosciences and Forestry,Italian Society of Silviculture and Forest Ecology (SISEF),Italy,Agriculture,40,28.600000000000023,No,Peer review
Polish Journal of Microbiology,Sciendo,Poland,Science,40,30,Yes,Anonymous peer review
Materiali in Tehnologije,Institute of Metals and Technology,Slovenia,Technology,40,28,Yes,Double anonymous peer review
Panoeconomicus,Economists' Association of Vojvodina,Serbia,Social Sciences,40,32,No,Double anonymous peer review
Migrating Minds,DigitalGeorgetown,United States,Social Sciences,40,32,No,Double anonymous peer review
فیزیک کاربردی ایران,Alzahra University,"Iran, Islamic Republic of",Science,40,30,Yes,Double anonymous peer review
"Studii si Cercetari de Istoria Artei : Teatru, Muzică, Cinematografie",Publishing House of the Romanian Academy,Romania,Fine Arts,40,36,No,Anonymous peer review
Avian Conservation and Ecology,Resilience Alliance,United States,Science,40,30,Yes,Double anonymous peer review
Gadjah Mada International Journal of Business,Universitas Gadjah Mada,Indonesia,Social Sciences,40,32,No,Double anonymous peer review
Citrus Research & Technology,Instituto Agronomico de Campinas/Centro de Citricultura Sylvio Moreira,Brazil,Agriculture,40,28.600000000000023,No,Peer review
"Annales, Series Historia Naturalis",The Historical Society of Southern Primorska Koper,Slovenia,Science,40,30,No,Double anonymous peer review
Acta Histriae,"The Historical Society of Southern Primorska of Koper & Institute IRRIS for Research, Development and Strategies of Society, Culture and Environment",Slovenia,History (General) and history of Europe,40,40,No,Double anonymous peer review
Journal of the Digital Humanities Association of Southern Africa,Digital Humanities Association of Southern Africa,South Africa,Social Sciences,40,32,No,Open peer review
Extensio: Revista Eletrônica de Extensão,Universidade Federal de Santa Catarina,Brazil,Medicine,40,28,No,Double anonymous peer review
Revista Ciência em Extensão,"Universidade Estadual Paulista, Pró-Reitoria de Extensão Universitária",Brazil,Social Sciences,40,32,No,Double anonymous peer review
Historical Review,Institute for Neohellenic Research,Greece,History (General) and history of Europe,40,40,No,Anonymous peer review
Revista de Humanidades,Universidad Andrés Bello,Chile,Social Sciences,40,32,No,Double anonymous peer review
Psicologia,Universidade Presbiteriana Mackenzie,Brazil,Philosophy. Psychology. Religion,40,30,No,Double anonymous peer review
Magnificat Cultura i Literatura Medievals,Universitat de València,Spain,History (General) and history of Europe,40,40,No,Double anonymous peer review
"Methoden, Daten, Analysen","GESIS - Leibniz-Institute for the Social Sciences, Mannheim",Germany,Social Sciences,40,32,No,Double anonymous peer review
Progress,University of Gdansk Publishing House,Poland,Social Sciences,40,32,No,Double anonymous peer review
Journal of Moral Theology,"The Journal of Moral Theology, Inc.",United States,Philosophy. Psychology. Religion,40,30,No,Double anonymous peer review
Revista Universitaria de Historia Militar On-line,Centro de Estudios de Historia Militar,Spain,History (General) and history of Europe,40,40,No,Double anonymous peer review
Soziologie und Nachhaltigkeit,"Universität Münster, Institut für Soziologie",Germany,Social Sciences,40,32,No,Double anonymous peer review
Historia i Świat,University of Siedlce,Poland,History (General) and history of Europe,40,40,No,Double anonymous peer review
Organizational Cybersecurity Journal,Emerald Publishing,United Kingdom,Technology,40,28,No,Double anonymous peer review
Miranda: Revue Pluridisciplinaire du Monde Anglophone,Université Toulouse - Jean Jaurès,France,Social Sciences,40,32,No,Double anonymous peer review
Projectics,De Boeck,Belgium,Education,40,30,No,Double anonymous peer review
Kidney Medicine,Elsevier,United States,Medicine,40,28,Yes,Anonymous peer review
Hydrology and Earth System Sciences,Copernicus Publications,Germany,Technology,40,28,Yes,Open peer review
Rice Science,Elsevier,Netherlands,Agriculture,40,28.600000000000023,No,Double anonymous peer review
Research in Language,Lodz University Press,Poland,Language and Literature,40,35.40000000000009,No,Double anonymous peer review
Perspectiva,Universidade Federal de Santa Catarina,Brazil,Education,40,30,No,Double anonymous peer review
Quinto Sol,"Instituto de Estudios Sociohistóricos, Facultad de Ciencias Humanas, Universidad Nacional de La Pampa",Argentina,Social Sciences,40,32,No,Double anonymous peer review
Criminologie,Les Presses de l'Université de Montréal,Canada,Law,40,25,No,Double anonymous peer review
Polímeros,Associação Brasileira de Polímeros,Brazil,Technology,40,28,Yes,Anonymous peer review
Revista de Investigações Constitucionais,Universidade Federal do Paraná,Brazil,Law,40,25,No,Double anonymous peer review
En la España Medieval,Universidad Complutense de Madrid,Spain,History (General) and history of Europe,40,40,No,Double anonymous peer review
Cuadernos de Filología Italiana,Universidad Complutense de Madrid,Spain,Language and Literature,40,35.40000000000009,No,Double anonymous peer review
BMJ Public Health,BMJ Publishing Group,United Kingdom,Medicine,40,28,Yes,Anonymous peer review
Writing Chinese: A Journal of Contemporary Sinophone Literature,White Rose University Press,United Kingdom,Language and Literature,40,35.40000000000009,No,Double anonymous peer review
BMGN: Low Countries Historical Review,openjournals.nl,Netherlands,History (General) and history of Europe,40,40,No,Double anonymous peer review
Annals of Thoracic Surgery Short Reports,Elsevier,United States,Medicine,40,28,Yes,Anonymous peer review
APSIPA Transactions on Signal and Information Processing,Now Publishers,United States,Science,40,30,Yes,Anonymous peer review
Papeles de Identidad,University of the Basque Country,Spain,Social Sciences,40,32,No,Double anonymous peer review
Annals of Agricultural Sciences,Elsevier,Netherlands,Agriculture,40,28.600000000000023,Yes,Anonymous peer review
European Research on Management and Business Economics,Elsevier,Spain,Social Sciences,40,32,Yes,Double anonymous peer review
Chinese Herbal Medicines,Elsevier,Netherlands,Medicine,40,28,Yes,Anonymous peer review
Renewable Agriculture and Food Systems,Cambridge University Press,United Kingdom,Technology,40,28,Yes,Double anonymous peer review
Inkanyiso,AOSIS,South Africa,Philosophy. Psychology. Religion,40,30,Yes,Double anonymous peer review
Contree,AOSIS,South Africa,Auxiliary sciences of history,40,40,Yes,Double anonymous peer review
Secuencia,Instituto de Investigaciones Dr. José María Luis Mora,Mexico,History (General) and history of Europe,40,40,No,Anonymous peer review
Journal of Extension,Clemson University Press,United States,Agriculture,40,28.600000000000023,No,Double anonymous peer review
Cambridge Prisms: Extinction,Cambridge University Press,United Kingdom,Science,40,30,Yes,Anonymous peer review
Journal of Writing Research,University of Antwerp,Belgium,Education,40,30,No,Double anonymous peer review
International Journal of Mining Science and Technology,Elsevier,Netherlands,Technology,40,28,No,Double anonymous peer review
Journal of Responsible Technology,Elsevier,United Kingdom,Technology,40,28,Yes,Double anonymous peer review
Journal of Intensive Medicine,Elsevier,Netherlands,Medicine,40,28,Yes,Anonymous peer review
Ethics in Science and Environmental Politics,Inter-Research,Germany,Geography. Anthropology. Recreation,40,33,No,Anonymous peer review
Social Work and Society,Social Work & Society,Germany,Education,40,30,No,Double anonymous peer review
Regional Science Policy & Practice,Elsevier,Netherlands,Social Sciences,40,32,Yes,Double anonymous peer review
iGIE,Elsevier,United States,Medicine,40,28,Yes,Anonymous peer review
Correspondences,Aren Roukema,United Kingdom,Philosophy. Psychology. Religion,40,30,No,Double anonymous peer review
مجلة الاقتصاد والتجارة الدولية,Ibn Khaldoun University - Tiaret,Algeria,Social Sciences,40,32,No,Double anonymous peer review
مجلة بغداد للعلوم,"University of Baghdad, College of Science for Women",Iraq,Science,40,30,Yes,Double anonymous peer review
Estudos em Avaliação Educacional,Fundação Carlos Chagas,Brazil,Education,40,30,No,Double anonymous peer review
Global Education Review,Mercy College,United States,Education,40,30,No,Double anonymous peer review
Quality Advancement in Nursing Education,Canadian Association of Schools of Nursing,Canada,Medicine,40,28,No,Double anonymous peer review
Biodiversidade Brasileira,Instituto Chico Mendes de Conservação da Biodiversidade (ICMBio),Brazil,Geography. Anthropology. Recreation,40,33,No,Double anonymous peer review
"Jurnal ELTIKOM: Jurnal Teknik Elektro, Teknologi Informasi dan Komputer",P3M Politeknik Negeri Banjarmasin,Indonesia,Technology,40,28,Yes,Anonymous peer review
Soin Sens et Santé,Université Sorbonne Nouvelle,France,Medicine,40,28,No,Double anonymous peer review
Fééries,UGA Éditions/Université Grenoble Alpes,France,Language and Literature,40,35.40000000000009,No,Double anonymous peer review
Les Cahiers d’Afrique de l’Est,IFRA - Institut Français de Recherche en Afrique,Kenya,Political science,40,32,No,Peer review
Análise Psicológica,ISPA - CRL,Portugal,Philosophy. Psychology. Religion,40,30,No,Double anonymous peer review
Boğaziçi Üniversitesi Eğitim Dergisi,Boğaziçi University,Türkiye,Education,40,30,No,Double anonymous peer review
Revue d'études culturelles,Association Bourguignonne d’Études Linguistiques et Littéraires,France,Language and Literature,40,35.40000000000009,No,Double anonymous peer review
International Public History,De Gruyter,Germany,History (General) and history of Europe,40,40,No,Double anonymous peer review
Terminal,CREIS-Terminal,France,Bibliography. Library science. Information resources,40,30,No,Double anonymous peer review
"Law, Ethics and Philosophy",Universitat Pompeu Fabra,Spain,Law,40,25,No,Double anonymous peer review
INTERthesis,Universidade Federal de Santa Catarina,Brazil,Social Sciences,40,32,No,Double anonymous peer review
Studia z Zakresu Prawa Pracy i Polityki Społecznej,Jagiellonian University,Poland,Law,40,25,No,Double anonymous peer review
Infectio,Asociación Colombiana de Infectología,Colombia,Medicine,39,28,Yes,Double anonymous peer review
Maketingu rebyu,Japan Marketing Academy,Japan,Social Sciences,39,32,No,Double anonymous peer review
Journal of Contemplative Studies,Contemplative Sciences Center,United States,Philosophy. Psychology. Religion,39,30,No,Anonymous peer review
Gospodarka Narodowa. The Polish Journal of Economics,"Collegium of Economic Analysis, SGH Warsaw School of Economics",Poland,Social Sciences,39,32,No,Double anonymous peer review
African Journal of Nephrology,African Association of Nephrology,South Africa,Medicine,39,28,Yes,Double anonymous peer review
E-Compós,Associação Nacional dos Programas de Pós-Graduação em Comunicação,Brazil,Language and Literature,39,35.40000000000009,No,Double anonymous peer review
Les Grandes Figures Historiques dans les Lettres et les Arts,Université de Lille,France,Language and Literature,39,35.40000000000009,No,Double anonymous peer review
European Countryside,Sciendo,Poland,Agriculture,39,28.600000000000023,Yes,Double anonymous peer review
Darnioji daugiakalbystė,Sciendo,Poland,Education,39,30,No,Peer review
Global Labour Journal,McMaster University Library Press,Canada,Social Sciences,39,32,No,Double anonymous peer review
Journal of Disaster Studies,University of Pennsylvania Press,United States,Technology,39,28,No,Double anonymous peer review
CHRISMED Journal of Health and Research,Wolters Kluwer Medknow Publications,India,Medicine,39,28,No,Double anonymous peer review
Wielogłos,Jagiellonian University Press,Poland,Language and Literature,39,35.40000000000009,No,Double anonymous peer review
Canadian Planning and Policy,Queen's University,Canada,Social Sciences,39,32,No,Double anonymous peer review
人民黄河,Editorial Office of Yellow River,China,Technology,39,28,Yes,Double anonymous peer review
Journal on Education in Emergencies,Inter-agency Network for Education in Emergencies (INEE),United States,Education,39,30,No,Double anonymous peer review
Regepe Entrepreneurship and Small Business Journal,Associação Nacional de Estudos em Empreendedorismo e Gestão de Pequenas Empresas (ANEGEPE),Brazil,Social Sciences,39,32,No,Double anonymous peer review
Studies in Language Assessment,The Association for Language Testing and Assessment of Australia and New Zealand,Australia,Language and Literature,39,35.40000000000009,No,Double anonymous peer review
BLDE University Journal of Health Sciences,Wolters Kluwer Medknow Publications,India,Medicine,39,28,No,Double anonymous peer review
"Psicología, Conocimiento y Sociedad",Universidad de la República,Uruguay,Philosophy. Psychology. Religion,39,30,No,Double anonymous peer review
Revista PACA,Universidad Surcolombiana,Colombia,Education,39,30,No,Double anonymous peer review
Maketingu Janaru,Japan Marketing Academy,Japan,Social Sciences,39,32,Yes,Double anonymous peer review
International Journal of Health Professions,Sciendo,Poland,Medicine,39,28,No,Double anonymous peer review
Cognitive Linguistics,De Gruyter,Germany,Language and Literature,39,35.40000000000009,No,Double anonymous peer review
Revista Psicopedagogia,Brazilian Association of Psychopedagogy,Brazil,Education,39,30,No,Double anonymous peer review
Hail Journal of Health Sciences,Wolters Kluwer Medknow Publications,India,Medicine,39,28,No,Double anonymous peer review
EMS Surveys in Mathematical Sciences,EMS Press,Germany,Science,39,30,No,Anonymous peer review
Political Research Exchange,Taylor & Francis Group,United Kingdom,Political science,39,32,Yes,Double anonymous peer review
Engineering Applications of Computational Fluid Mechanics,Taylor & Francis Group,United Kingdom,Technology,39,28,Yes,Double anonymous peer review
New Zealand Journal of Forestry Science,Scion,New Zealand,Agriculture,39,28.600000000000023,No,Anonymous peer review
Applied Computing and Informatics,Emerald Publishing,United Kingdom,Technology,39,28,No,Double anonymous peer review
Prace Geograficzne,Jagiellonian University Press,Poland,Geography. Anthropology. Recreation,39,33,No,Double anonymous peer review
Australian and New Zealand Journal of Public Health,Elsevier,Netherlands,Medicine,39,28,Yes,Anonymous peer review
Climate Change Ecology,Elsevier,United States,Science,39,30,Yes,Double anonymous peer review
"Circus: Arts, Life & Sciences",Michigan Publishing,United States,Language and Literature,39,35.40000000000009,No,Double anonymous peer review
Global Environment,The White Horse Press,United Kingdom,Geography. Anthropology. Recreation,39,33,No,Double anonymous peer review
Influenza and Other Respiratory Viruses,Wiley,United Kingdom,Medicine,39,28,Yes,Peer review
"IET Science, Measurement & Technology",Wiley,United Kingdom,Technology,39,28,Yes,Anonymous peer review
Biological Psychiatry Global Open Science,Elsevier,United States,Medicine,39,28,Yes,Anonymous peer review
The Lancet Global Health,Elsevier,United Kingdom,Medicine,39,28,Yes,Anonymous peer review
"Ethics, Politics & Society","Centre for Ethics, Politics, and Society",Portugal,Political science,39,32,No,Anonymous peer review
Geothermal Energy Science,Copernicus Publications,Germany,Technology,39,28,Yes,Anonymous peer review
Revista Brasileira de História da Mídia,Associação Brasileira de Pesquisadores de História da Mídia,Brazil,Language and Literature,39,35.40000000000009,No,Double anonymous peer review
Hanjie xuebao,"Editorial Office of Transactions of the China Welding Institution, Welding Journals Publishing House",China,Technology,38,28,Yes,Double anonymous peer review
Estudios de Filosofía Práctica e Historia de las Ideas,"Grupo de investigación de Filosofía Práctica e Historia de las Ideas INCIHUSA Instituto de Ciencias Humanas, Sociales y Ambientales CCT Centro Científico Tecnológico Mendoza - CONICET",Argentina,Philosophy. Psychology. Religion,38,30,No,Double anonymous peer review
Homeland Security Affairs,Naval Postgraduate School,United States,Military Science,38,22.400000000000006,No,Double anonymous peer review
Estudos de Sociologia,"Universidade Estadual Paulista, Faculdade de Ciências e Letras de Araraquara",Brazil,Social Sciences,38,32,No,Peer review
Shuili Shuiyun Gongcheng Xuebao,Editorial Department of Hydro-Science and Engineering,China,Technology,38,28,Yes,Double anonymous peer review
精准医学杂志,Editorial Office of Journal of Precision Medicine,China,Medicine,38,28,Yes,Double anonymous peer review
پژوهش نامه مدیریت تحول,Ferdowsi University of Mashhad,"Iran, Islamic Republic of",Social Sciences,38,32,Yes,Double anonymous peer review
Zhongguo pifu xingbingxue zazhi,Editorial Office of the Chinese Journal of Dermatovenereology,China,Medicine,38,28,Yes,Double anonymous peer review
Glottopol,Presses universitaires de Rouen et du Havre,France,Language and Literature,38,35.40000000000009,No,Double anonymous peer review
Muhandisī va mudirīyyat-i ābkhīz,Soil Conservation and Watershed Management Research Institute (SCWMRI)‎,"Iran, Islamic Republic of",Science,38,30,Yes,Double anonymous peer review
ES Review,Ediciones Universidad de Valladolid,Spain,Language and Literature,38,35.40000000000009,No,Double anonymous peer review
حکمت اسرا,Maarej Research Institute of Revelation Sciences,"Iran, Islamic Republic of",Philosophy. Psychology. Religion,38,30,No,Double anonymous peer review
Review of Economic Perspectives,Sciendo,Poland,Social Sciences,38,32,No,Double anonymous peer review
Ramanujan International Journal of Business and Research,"Ramanujan College, University of Delhi, Delhi, India",India,Social Sciences,38,32,No,Double anonymous peer review
Biuletyn Historii Sztuki,Institute of Art of the Polish Academy of Sciences,Poland,Fine Arts,38,36,No,Double anonymous peer review
Linguistics,De Gruyter,Germany,Language and Literature,38,35.40000000000009,No,Double anonymous peer review
Ocean Science,Copernicus Publications,Germany,Geography. Anthropology. Recreation,38,33,Yes,Open peer review
Computational Communication Research,Amsterdam University Press,Netherlands,Language and Literature,38,35.40000000000009,No,Double anonymous peer review
Hangkong gongcheng jinzhan,Editorial Department of Advances in Aeronautical Science and Engineering,China,Technology,38,28,Yes,Double anonymous peer review
Synthesis Philosophica,Croatian Philosophical Society,Croatia,Philosophy. Psychology. Religion,38,30,No,Double anonymous peer review
Review of Innovation and Competitiveness,Juraj Dobrila University of Pula,Croatia,Social Sciences,38,32,No,Double anonymous peer review
Folia Oecologica,Sciendo,Poland,Science,38,30,No,Anonymous peer review
"Litera: Dil, Edebiyat ve Kültür Araştırmaları Dergisi",Istanbul University Press,Türkiye,Language and Literature,38,35.40000000000009,No,Double anonymous peer review
چشم‌انداز مطالعات شهری و روستایی,university of zanjan,"Iran, Islamic Republic of",Social Sciences,38,32,No,Double anonymous peer review
React/Review,"eScholarship Publishing, University of California",United States,Fine Arts,38,36,No,Double anonymous peer review
Hikma,Universidad de Córdoba,Spain,Language and Literature,38,35.40000000000009,No,Double anonymous peer review
Interpersona: An International Journal on Personal Relationships,PsychOpen GOLD/ Leibniz Institute for Psychology,Germany,Philosophy. Psychology. Religion,38,30,No,Double anonymous peer review
Vienna Yearbook of Population Research,Austrian Academy of Sciences Press,Austria,Social Sciences,38,32,No,Double anonymous peer review
Canadian Respiratory Journal,Wiley,United Kingdom,Medicine,38,28,Yes,Anonymous peer review
Medicine Anthropology Theory,University of Edinburgh,United Kingdom,Geography. Anthropology. Recreation,38,33,No,Double anonymous peer review
Conversations Across the Field of Dance Studies,Michigan Publishing Services,United States,Geography. Anthropology. Recreation,38,33,No,Editorial review
Nordlyd: Tromsø University Working Papers on Language & Linguistics,Septentrio Academic Publishing,Norway,Language and Literature,38,35.40000000000009,No,Double anonymous peer review
Crossing Borders: A Multidisciplinary Journal of Undergraduate Scholarship,New Prairie Press,United States,General Works,38,30.200000000000045,No,Anonymous peer review
ARIMA,ASDS (African Society in Digital Sciences),Cameroon,Science,38,30,No,Open peer review
Intestinal Research,Korean Association for the Study of Intestinal Diseases,"Korea, Republic of",Medicine,38,28,No,Double anonymous peer review
Vis,Stockholm University of the Arts,Sweden,Fine Arts,38,36,No,Open peer review
Известия Саратовского университета. Новая серия:  Математика. Механика. Информатика,Saratov State University,Russian Federation,Science,38,30,No,Anonymous peer review
Jefore Ethiopian Journal of Applied Sciences,Wolkite University,Ethiopia,Science,38,30,No,Double anonymous peer review
Lateral,Cultural Studies Association,United States,Geography. Anthropology. Recreation,38,33,No,Double anonymous peer review
BMJ Open Respiratory Research,BMJ Publishing Group,United Kingdom,Medicine,38,28,Yes,Anonymous peer review
Climate of the Past,Copernicus Publications,Germany,Technology,38,28,Yes,Open peer review
Water Resources Research,Wiley,United States,Geography. Anthropology. Recreation,38,33,Yes,Anonymous peer review
Canadian Geriatrics Journal,Canadian Geriatrics Society,Canada,Medicine,38,28,Yes,Anonymous peer review
Einstein (São Paulo),Instituto Israelita de Ensino e Pesquisa Albert Einstein,Brazil,Medicine,38,28,No,Double anonymous peer review
Urban Transformations,BMC,United Kingdom,Fine Arts,38,36,Yes,Double anonymous peer review
AJPM Focus,Elsevier,United States,Medicine,38,28,Yes,Double anonymous peer review
European Spatial Research and Policy,Lodz University Press,Poland,Social Sciences,38,32,No,Double anonymous peer review
EURO Journal on Decision Processes,Elsevier,United Kingdom,Social Sciences,38,32,Yes,Anonymous peer review
Cellular and Molecular Gastroenterology and Hepatology,Elsevier,Netherlands,Medicine,38,28,Yes,Anonymous peer review
JMIR mHealth and uHealth,JMIR Publications,Canada,Technology,38,28,Yes,Anonymous peer review
Research in Health Services & Regions,Springer,Switzerland,Medicine,38,28,Yes,Anonymous peer review
"IET Circuits, Devices and Systems",Wiley,United Kingdom,Technology,38,28,Yes,Anonymous peer review
Organon F,Institute of Philosophy of the Slovak Academy of Sciences,Slovakia,Philosophy. Psychology. Religion,38,30,No,Double anonymous peer review
Wind Energy,Wiley,United Kingdom,Technology,38,28,Yes,Anonymous peer review
Health Policy Open,Elsevier,Netherlands,Medicine,38,28,Yes,Double anonymous peer review
Democracy & Education,Lewis & Clark Graduate School of Education and Counseling,United States,Education,38,30,No,Double anonymous peer review
Safety and Health at Work,Elsevier,Netherlands,Medicine,38,28,Yes,Double anonymous peer review
Medicine in Omics,Elsevier,Netherlands,Medicine,38,28,Yes,Anonymous peer review
Sri Lanka Journal of Medicine,The Kandy Society of Medicine,Sri Lanka,Medicine,38,28,No,Double anonymous peer review
Journal de l'École polytechnique. Mathématiques,Ecole polytechnique,France,Science,38,30,No,Anonymous peer review
Journal of Illicit Economies and Development,LSE Press,United Kingdom,Social Sciences,38,32,No,Double anonymous peer review
Canadian Journal of Academic Librarianship,The Canadian Association of Professional Academic Librarians,Canada,Bibliography. Library science. Information resources,38,30,No,Anonymous peer review
Revista de Ciência e Inovação do IF Farroupilha,"Instituto Federal de Educação, Ciência e Tecnologia Farroupilha",Brazil,Social Sciences,38,32,No,Double anonymous peer review
Tidsskrift for Ungdomsforskning,NOVA,Norway,Social Sciences,37,32,No,Anonymous peer review
Skandinaviske Sprogstudier,Royal Danish Library,Denmark,Language and Literature,37,35.40000000000009,No,Double anonymous peer review
پژوهشنامه ادبیات کردی,University of Kurdistan,"Iran, Islamic Republic of",Language and Literature,37,35.40000000000009,No,Double anonymous peer review
Operations Research and Decisions,Wrocław University of Science and Technology,Poland,Social Sciences,37,32,No,Anonymous peer review
"Geoscientific Instrumentation, Methods and Data Systems",Copernicus Publications,Germany,Science,37,30,Yes,Open peer review
La Palabra,Universidad Pedagógica y Tecnológica de Colombia,Colombia,Language and Literature,37,35.40000000000009,No,Double anonymous peer review
Noise and Health,Wolters Kluwer Medknow Publications,India,Medicine,37,28,Yes,Double anonymous peer review
EMJ Radiology,European Medical Journal,United Kingdom,Medicine,37,28,No,Double anonymous peer review
Qualifizierung für Inklusion,"Prof. Dr. Dieter Katzenbach, Prof. Dr. Michael Urban",Germany,Education,37,30,No,Double anonymous peer review
Art/Research International,University of Alberta,Canada,Fine Arts,37,36,No,Double anonymous peer review
Les Cahiers du CREAD,Centre de recherche en économie appliquée pour le développement,Algeria,Social Sciences,37,32,No,Double anonymous peer review
Agropecuária Catarinense,Empresa de Pesquisa Agropecuária e Extensão Rural de Santa Catarina,Brazil,Agriculture,37,28.600000000000023,No,Double anonymous peer review
Educação em Revista,Universidade Federal de Minas Gerais,Brazil,Education,37,30,No,Double anonymous peer review
Annales de Didactique et de Sciences Cognitives,Institut de recherche sur l’enseignement des mathématiques,France,Education,37,30,No,Double anonymous peer review
Социологический журнал,"Russian Academy of Sciences, Federal Center of Theoretical and Applied Sociology",Russian Federation,Social Sciences,37,32,No,Double anonymous peer review
Annals of Movement Disorders,Wolters Kluwer Medknow Publications,India,Medicine,37,28,No,Double anonymous peer review
علوم اجتماعی دانشگاه فردوسی مشهد,Ferdowsi University of Mashhad,"Iran, Islamic Republic of",Social Sciences,37,32,Yes,Double anonymous peer review
Gestión y Ambiente,Universidad Nacional de Colombia,Colombia,Geography. Anthropology. Recreation,37,33,No,Double anonymous peer review
Revista Produção Online,Universidade Federal de Santa Catarina,Brazil,Technology,37,28,No,Double anonymous peer review
Global Bioethics,Taylor & Francis Group,United Kingdom,Medicine,37,28,Yes,Double anonymous peer review
Voces y Silencios: Revista Latinoamericana de Educación,Los Andes University; Faculty of Education,Colombia,Education,37,30,No,Double anonymous peer review
Indian Journal of Psychiatric Nursing,Wolters Kluwer Medknow Publications,India,Medicine,37,28,No,Double anonymous peer review
Annals of Medical Science and Research,Wolters Kluwer Medknow Publications,India,Medicine,37,28,No,Double anonymous peer review
Jàmbá,AOSIS,South Africa,Social Sciences,37,32,Yes,Double anonymous peer review
Nordic Journal of Systematic Reviews in Education,Cappelen Damm Akademisk,Norway,Education,37,30,No,Double anonymous peer review
Journal of Integrative Environmental Sciences,Taylor & Francis Group,United Kingdom,Geography. Anthropology. Recreation,37,33,Yes,Double anonymous peer review
"Revista de Finanças Públicas, Tributação e Desenvolvimento",Universidade do Estado do Rio de Janeiro,Brazil,Law,37,25,No,Double anonymous peer review
Surgical and Experimental Pathology,BMC,United Kingdom,Medicine,37,28,No,Anonymous peer review
Ekonomický Časopis,Institute of Economic Research SAS,Slovakia,Social Sciences,37,32,No,Double anonymous peer review
Antarctic Science,Cambridge University Press,United Kingdom,Geography. Anthropology. Recreation,37,33,Yes,Anonymous peer review
Shiyan dongwu yu bijiao yixue,Editorial Office of Laboratory Animal and Comparative Medicine,China,Medicine,37,28,Yes,Peer review
Examples and Counterexamples,Elsevier,Netherlands,Science,37,30,Yes,Anonymous peer review
The Cryosphere,Copernicus Publications,Germany,Geography. Anthropology. Recreation,37,33,Yes,Open peer review
Nigerian Journal of Surgery,Wolters Kluwer Medknow Publications,India,Medicine,37,28,Yes,Double anonymous peer review
EURO Journal on Transportation and Logistics,Elsevier,Netherlands,Technology,37,28,Yes,Anonymous peer review
Canadian Journal of Gastroenterology and Hepatology,Wiley,United Kingdom,Medicine,37,28,Yes,Anonymous peer review
Diyâr,Nomos Verlagsgesellschaft mbH & Co. KG,Germany,Language and Literature,37,35.40000000000009,No,Double anonymous peer review
BJPsych International,Cambridge University Press,United Kingdom,Medicine,37,28,Yes,Anonymous peer review
Cadernos EBAPE.BR,"Fundação Getulio Vargas, Escola Brasileira de Administração Pública e de Empresas",Brazil,Social Sciences,37,32,No,Double anonymous peer review
Ensaio Pesquisa em Educação em Ciências,Universidade Federal de Minas Gerais,Brazil,Education,37,30,No,Double anonymous peer review
Guaju,Universidade Federal do Paraná,Brazil,Geography. Anthropology. Recreation,36,33,No,Double anonymous peer review
Revista Controversia,Centro de Investigación y Educación Popular (CINEP),Colombia,Social Sciences,36,32,No,Double anonymous peer review
Conversatoria Litteraria,University of Siedlce,Poland,Language and Literature,36,35.40000000000009,No,Double anonymous peer review
Journal of Scientific and Industrial Research,CSIR-NIScPR,India,Technology,36,28,No,Anonymous peer review
Korea Journal,The Academy of Korean Studies Press,"Korea, Republic of",General Works,36,30.200000000000045,No,Double anonymous peer review
Socjolingwistyka,"Institute of Polish Language, Polish Academy of Sciences",Poland,Language and Literature,36,35.40000000000009,No,Double anonymous peer review
Current Trends in Translation Teaching and Learning E,"Department of Modern Languages, University of Helsinki",Finland,Language and Literature,36,35.40000000000009,No,Double anonymous peer review
Pensamiento Psicológico,Pontificia Universidad Javeriana,Colombia,Philosophy. Psychology. Religion,36,30,No,Peer review
Bioquímica y Patología Clínica,Asociación Bioquímica Argentina,Argentina,Science,36,30,No,Peer review
Studia Historiae Scientiarum,Polish Academy of Arts and Sciences,Poland,General Works,36,30.200000000000045,No,Double anonymous peer review
Revista de Fomento Social,Universidad Loyola Andalucía,Spain,Social Sciences,36,32,No,Double anonymous peer review
Cadernos Ibero-Americanos de Direito Sanitário,"Oswaldo Cruz Foundation, Health Law Program",Brazil,Law,36,25,No,Double anonymous peer review
InFormation: Nordic Journal of Art and Research,Oslo and Akershus University College of Applied Sciences,Norway,Fine Arts,36,36,No,Anonymous peer review
Tábano,Pontificia Universidad Católica Argentina,Argentina,General Works,36,30.200000000000045,No,Double anonymous peer review
Socio,Les Éditions de la Maison des Sciences de l’Homme,France,Social Sciences,36,32,No,Double anonymous peer review
Argentinian Journal of Respiratory and Physical Therapy,Asociación Civil Científica de Difusión y Promoción de la Kinesiología,Argentina,Medicine,36,28,No,Double anonymous peer review
Cuadernos de Pensamiento,Fundación Universitaria Española,Spain,Philosophy. Psychology. Religion,36,30,No,Double anonymous peer review
Colóquio,FACCAT - Faculdades Integradas de Taquara/RS,Brazil,Social Sciences,36,32,No,Anonymous peer review
Baozha yu Chongji,Editorial Department of Explosion and Shock Waves,China,Technology,36,28,Yes,Anonymous peer review
Bulletin de l’Association de Géographes Français,Association AGF,France,Geography. Anthropology. Recreation,36,33,No,Double anonymous peer review
The Bible and Critical Theory,Drew university,United States,Philosophy. Psychology. Religion,36,30,No,Anonymous peer review
Gender a Výzkum,"Czech Academy of Sciences, Institute of Sociology",Czechia,Social Sciences,36,32,No,Double anonymous peer review
Journal of Anime and Manga Studies,University of Illinois at Urbana-Champaign,United States,Language and Literature,36,35.40000000000009,No,Double anonymous peer review
Currents,Academic Association for Doctoral Students of English Philology,Poland,Language and Literature,36,35.40000000000009,No,Double anonymous peer review
Ethiopian Journal of the Social Sciences and Humanities,Addis Ababa University,Ethiopia,Social Sciences,36,32,No,Double anonymous peer review
Letras,"Universidad Nacional, Costa Rica",Costa Rica,Language and Literature,36,35.40000000000009,No,Anonymous peer review
Białostockie Studia Prawnicze,Sciendo,Poland,Law,36,25,No,Double anonymous peer review
AIA Avances en Investigación Agropecuaria,Universidad de Colima,Mexico,Agriculture,36,28.600000000000023,No,Double anonymous peer review
NUST Journal of Social Sciences and Humanities,National University of Sciences and Technology,Pakistan,Social Sciences,36,32,No,Double anonymous peer review
MedUNAB,Universidad Autonoma de Bucaramanga,Colombia,Medicine,36,28,No,Double anonymous peer review
"Adam Akademi, Sosyal Bilimler Dergisi",Ankara Center for Thought and Research,Türkiye,Geography. Anthropology. Recreation,36,33,No,Double anonymous peer review
Estudos de Literatura Brasileira Contemporânea,Universidade de Brasília,Brazil,Language and Literature,36,35.40000000000009,No,Double anonymous peer review
Ciencias Sociales y Religión,Universidade Estadual de Campinas,Brazil,Philosophy. Psychology. Religion,36,30,No,Double anonymous peer review
Facts & Frictions,J-Schools Canada / Écoles-J Canada,Canada,Language and Literature,36,35.40000000000009,No,Double anonymous peer review
BrJP,Sociedade Brasileira para o Estudo da Dor,Brazil,Medicine,36,28,No,Double anonymous peer review
ABCustos,Associação Brasileira de Custos,Brazil,Social Sciences,36,32,No,Double anonymous peer review
Journal of the Pakistan Medical Association,Pakistan Medical Association,Pakistan,Medicine,36,28,Yes,Double anonymous peer review
Acta Historiae Artis Slovenica,"ZRC SAZU, Založba ZRC",Slovenia,Fine Arts,36,36,No,Double anonymous peer review
Mosaïque,Université de Lille,France,Social Sciences,36,32,No,Double anonymous peer review
Dianli xitong baohu yu kongzhi,Editorial office of Power System Protection and Control,China,Science,36,30,Yes,Double anonymous peer review
"Investigación Bibliotecológica: Archivonomía, Bibliotecología e Información",Universidad Nacional Autónoma de México,Mexico,Bibliography. Library science. Information resources,36,30,No,Double anonymous peer review
Health Literacy Research and Practice,SLACK Incorporated,United States,Medicine,36,28,Yes,Double anonymous peer review
Revista de Ciencias Sociales,Universidad de Costa Rica,Costa Rica,Geography. Anthropology. Recreation,36,33,No,Double anonymous peer review
Latin American Economic Review,Centro de Investigación y Docencia Económicas,Mexico,Social Sciences,36,32,No,Anonymous peer review
Przegląd Prawa Administracyjnego,Fundacja Inicjatyw Akademickich,Poland,Law,36,25,No,Double anonymous peer review
Revista IDEAS,Universidade Federal Rural do Rio de Janeiro,Brazil,Agriculture,36,28.600000000000023,No,Double anonymous peer review
Nuclear Technology and Radiation Protection,VINCA Institute of Nuclear Sciences,Serbia,Science,36,30,Yes,Anonymous peer review
Zhongliu Fangzhi Yanjiu,Magazine House of Cancer Research on Prevention and Treatment,China,Medicine,36,28,Yes,Peer review
Revista da Sociedade Brasileira de Fonoaudiologia,Sociedade Brasileira de Fonoaudiologia,Brazil,Language and Literature,36,35.40000000000009,No,Double anonymous peer review
Књижевна историја,Institute for Literature and Art,Serbia,Language and Literature,36,35.40000000000009,No,Double anonymous peer review
Qualitative Studies,State Library & Aalborg University,Denmark,Social Sciences,36,32,No,Anonymous peer review
Review of Irish Studies in Europe,European Federation of Associations and Centres of Irish Studies,Belgium,Language and Literature,36,35.40000000000009,No,Double anonymous peer review
Picenum Seraphicum,Eum Edizioni Università di Macerata,Italy,Philosophy. Psychology. Religion,36,30,No,Double anonymous peer review
Droit Public Comparé,Association Droit public comparé – Comparative Public Law,France,Law,36,25,No,Double anonymous peer review
Indian Journal of Fibre & Textile Research,CSIR-NIScPR,India,Technology,36,28,No,Anonymous peer review
Journal of Work and Organizational Psychology,Colegio Oficial de Psicólogos de Madrid,Spain,Philosophy. Psychology. Religion,36,30,No,Peer review
Australasian Journal of Educational Technology,ASCILITE,Australia,Education,36,30,No,Double anonymous peer review
Profile: Issues in Teachers' Professional Development,Universidad Nacional de Colombia,Colombia,Education,36,30,No,Double anonymous peer review
Ihering,Fundación Universitaria Española,Spain,Law,36,25,No,Double anonymous peer review
Journal of the Arab Society for Medical Research,Wolters Kluwer Medknow Publications,India,Medicine,36,28,Yes,Double anonymous peer review
IHJ Cardiovascular Case Reports,Elsevier,Netherlands,Medicine,36,28,No,Double anonymous peer review
Health Policy and Planning,Oxford University Press,United Kingdom,Medicine,36,28,Yes,Double anonymous peer review
Cambridge Educational Research e-Journal,University of Cambridge,United Kingdom,Education,36,30,No,Double anonymous peer review
Névtani Értesítő,Society of Hungarian Linguistics; Institute of Hungarian Linguistics and Finno-Ugric Studies of ELTE University,Hungary,Language and Literature,36,35.40000000000009,No,Double anonymous peer review
Arab Journal of Basic and Applied Sciences,Taylor & Francis Group,United Kingdom,Science,36,30,Yes,Double anonymous peer review
Archaeologia Polona,Institute of Archaeology and Ethnology Polish Academy of Sciences,Poland,Geography. Anthropology. Recreation,36,33,No,Double anonymous peer review
Journal of Nursology,Atatürk University,Türkiye,Medicine,36,28,No,Double anonymous peer review
EURE (Santiago) - Revista Latinoamericana de Estudios Urbano Regionales,Pontificia Universidad Católica de Chile,Chile,Fine Arts,36,36,No,Double anonymous peer review
Acta Academiae Artium Vilnensis,Vilnius Academy of Arts Press,Lithuania,Fine Arts,36,36,No,Anonymous peer review
Papeles de Europa,Universidad Complutense de Madrid,Spain,Social Sciences,36,32,No,Double anonymous peer review
Yhteiskuntapolitiikka,Terveyden ja hyvinvoinnin laitos; Eläketurvakeskus; Helsingin yliopiston valtiotieteellinen tiedekunta; Kelan tutkimus; Tampereen yliopiston yhteiskuntatieteiden tiedekunta,Finland,Medicine,36,28,No,Double anonymous peer review
Diaconia,Vandenhoeck & Ruprecht Verlage,Germany,Philosophy. Psychology. Religion,36,30,No,Double anonymous peer review
Shuitu baochi tongbao,Science Press,China,Geography. Anthropology. Recreation,36,33,Yes,Anonymous peer review
Cuadernos para la Investigación de la Literatura Hispánica,Fundación Universitaria Española,Spain,Language and Literature,36,35.40000000000009,No,Double anonymous peer review
"Archivos del Hospital Universitario ""General Calixto García""",Editoral de Ciencias Médicas (ECIMED),Cuba,Medicine,36,28,No,Double anonymous peer review
Revue des Sciences Humaines,Presses universitaires du septentrion,France,Language and Literature,36,35.40000000000009,No,Anonymous peer review
The February Journal,Berlin Universities Publishing,Germany,Fine Arts,36,36,No,Double anonymous peer review
Revista Española de Investigación Criminológica,Sociedad Española de Investigación Criminológica,Spain,Social Sciences,36,32,No,Double anonymous peer review
Recherches,OpenEdition,France,Language and Literature,36,35.40000000000009,No,Double anonymous peer review
Modern Management Review,Publishing House of Rzeszow University of Technology,Poland,Social Sciences,36,32,No,Double anonymous peer review
The Garage Journal,Berlin Universities Publishing,Germany,Fine Arts,36,36,No,Double anonymous peer review
Revista Quebracho,Universidad Nacional de Santiago del Estero,Argentina,Agriculture,36,28.600000000000023,No,Double anonymous peer review
Dance Articulated,NTNU Open Access Journals,Norway,Geography. Anthropology. Recreation,36,33,Yes,Double anonymous peer review
فرهنگ و ادبیات عامه,Tarbiat Modares University,"Iran, Islamic Republic of",Social Sciences,36,32,Yes,Double anonymous peer review
河南理工大学学报. 自然科学版,Academic Publishing Center of HPU,China,Technology,36,28,Yes,Double anonymous peer review
Prace Komisji Historii Nauki PAU,Polish Academy of Arts and Sciences,Poland,Science,36,30,No,Double anonymous peer review
Captures,"Figura, Centre de recherche sur le texte et l'imaginaire",Canada,Language and Literature,36,35.40000000000009,No,Double anonymous peer review
Journal of Global Faultlines,Pluto Journals,United Kingdom,Political science,36,32,No,Double anonymous peer review
Black Theology Papers Project,Columbia University Libraries,United States,Philosophy. Psychology. Religion,36,30,No,Editorial review
Ideas in Ecology and Evolution,Queen's University,Canada,Science,36,30,Yes,Peer review
Refract,"eScholarship Publishing, University of California",United States,Fine Arts,36,36,No,Anonymous peer review
DavarLogos,Editorial Universidad Adventista del Plata,Argentina,Philosophy. Psychology. Religion,36,30,No,Double anonymous peer review
Aquichan,Universidad de La Sabana,Colombia,Medicine,36,28,No,Double anonymous peer review
Rad Hrvatske Akademije Znanosti i Umjetnosti. Matematičke Znanosti,Croatian Academy of Sciences and Arts,Croatia,Science,36,30,No,Anonymous peer review
فیزیولوژی و بیوتکنولوژی آبزیان,University of Guilan,"Iran, Islamic Republic of",Science,36,30,Yes,Double anonymous peer review
Revista de Economía y Estadística,Universidad Nacional de Córdoba,Argentina,Social Sciences,36,32,No,Double anonymous peer review
Studia Humanistyczne AGH,Wydawnictwa AGH,Poland,General Works,36,30.200000000000045,No,Double anonymous peer review
Revista da Faculdade de Odontologia de Porto Alegre,Universidade Federal do Rio Grande do Sul. Faculdade de Odontologia,Brazil,Medicine,36,28,No,Double anonymous peer review
Earth System Dynamics,Copernicus Publications,Germany,Science,36,30,Yes,Open peer review
Ciencia y Tecnología Agropecuaria,Corporación Colombiana de Investigación Agropecuaria (Corpoica),Colombia,Agriculture,36,28.600000000000023,No,Double anonymous peer review
Methodology,PsychOpen GOLD/ Leibniz Institute for Psychology,Germany,Philosophy. Psychology. Religion,36,30,No,Double anonymous peer review
Aleph,Edile (Edition et diffusion de l'écrit scientifique),Algeria,Language and Literature,36,35.40000000000009,No,Double anonymous peer review
Georesursy,Georesursy Ltd.,Russian Federation,Science,36,30,Yes,Double anonymous peer review
Manuscript and Text Cultures,Centre for Manuscript and Text Cultures,United Kingdom,Fine Arts,36,36,No,Double anonymous peer review
مدیریت نوآوری,مدیریت نوآوری,"Iran, Islamic Republic of",Technology,36,28,No,Peer review
Revue des Langues Romanes,Presses universitaires de la Méditerranée,France,Language and Literature,36,35.40000000000009,No,Editorial review
Boletín de la Sociedad Española de Historiografía Lingüística,Sociedad Española de Historiografía Lingüística (SEHL),Spain,Language and Literature,36,35.40000000000009,No,Peer review
Cuestiones de Sociología,Universidad Nacional de La Plata,Argentina,Social Sciences,36,32,No,Double anonymous peer review
Revista Colombiana de Cirugía,Asociación Colombiana de Cirugía,Colombia,Medicine,36,28,No,Double anonymous peer review
Cenas Educacionais,Universidade do Estado da Bahia,Brazil,Education,36,30,No,Double anonymous peer review
Australian Prescriber,Therapeutic Guidelines Ltd,Australia,Medicine,36,28,No,Anonymous peer review
دانشنامه حقوق اقتصادی,Ferdowsi University of Mashhad,"Iran, Islamic Republic of",Law,36,25,Yes,Double anonymous peer review
Linguistica Uralica,Estonian Academy Publishers,Estonia,Language and Literature,36,35.40000000000009,No,Double anonymous peer review
Clinics in Orthopedic Surgery,Korean Orthopaedic Association,"Korea, Republic of",Medicine,36,28,No,Peer review
Вестник рентгенологии и радиологии,"Luchevaya Diagnostika, LLC",Russian Federation,Medicine,36,28,No,Double anonymous peer review
Materials Research,Associação Brasileira de Metalurgia e Materiais (ABM); Associação Brasileira de Cerâmica (ABC); Associação Brasileira de Polímeros (ABPol),Brazil,Technology,36,28,Yes,Peer review
Transinformação,Pontificia Universidade Católica de Campinas,Brazil,General Works,36,30.200000000000045,No,Double anonymous peer review
ASCE Open,American Society of Civil Engineers,United States,Technology,36,28,Yes,Anonymous peer review
Contextes et Didactiques,Presses Universitaires des Antilles,France,Education,36,30,No,Double anonymous peer review
Nordic Journal of Art and Research,OsloMet — Oslo Metropolitan University,Norway,Fine Arts,36,36,No,Anonymous peer review
World Review of Political Economy,Pluto Journals,United Kingdom,Social Sciences,36,32,No,Double anonymous peer review
Journal of Fair Trade,Pluto Journals,United Kingdom,Social Sciences,36,32,No,Anonymous peer review
Journal of Indentureship and its Legacies,Pluto Journals,United Kingdom,Political science,36,32,No,Double anonymous peer review
Traditiones,"ZRC SAZU, Založba ZRC",Slovenia,Geography. Anthropology. Recreation,36,33,No,Double anonymous peer review
Activités,Association Recherche et Pratique sur les Activités,France,Philosophy. Psychology. Religion,36,30,No,Double anonymous peer review
Anales del Instituto de Investigaciones Estéticas,Universidad Nacional Autónoma de México,Mexico,Fine Arts,36,36,No,Double anonymous peer review
Études Britanniques Contemporaines,Presses Universitaires de la Méditerranée,France,Fine Arts,36,36,No,Double anonymous peer review
Campos en Ciencias Sociales,Universidad Santo Tomás,Colombia,Social Sciences,36,32,No,Double anonymous peer review
Audiology: Communication Research,Academia Brasileira de Audiologia,Brazil,Medicine,36,28,No,Double anonymous peer review
Anales de Filología Francesa,"Editum, Ediciones de la Universidad de Murcia",Spain,Language and Literature,36,35.40000000000009,No,Anonymous peer review
Virus,Verein für Sozialgeschichte der Medizin,Austria,Medicine,36,28,No,Double anonymous peer review
Archipelagos,Columbia University Libraries,United States,General Works,36,30.200000000000045,No,Double anonymous peer review
Revista Tramas y Redes,Consejo Latinoamericano de Ciencias Sociales,Argentina,Social Sciences,36,32,No,Double anonymous peer review
South African Journal of Obstetrics and Gynaecology,South African Medical Association,South Africa,Medicine,36,28,Yes,Double anonymous peer review
Tabula,Juraj Dobrila University of Pula,Croatia,General Works,36,30.200000000000045,No,Double anonymous peer review
Forum Bibliotek Medycznych,Medical University of Warsaw,Poland,Bibliography. Library science. Information resources,36,30,No,Open peer review
نقد ادب معاصر عربی,Yazd University,"Iran, Islamic Republic of",Language and Literature,36,35.40000000000009,Yes,Double anonymous peer review
Rock and Soil Mechanics,"SCIENCE PRESS , 16 DONGHUANGCHENGGEN NORTH ST, BEIJING, PEOPLES R CHINA, 100717",China,Technology,36,28,No,Double anonymous peer review
Jurnal Teknologi Perikanan dan Kelautan,IPB University,Indonesia,Agriculture,36,28.600000000000023,Yes,Double anonymous peer review
Geofizika,"University of Zagreb, Faculty of Science, Department of Geophysics, Andrija Mohorovičić Geophysical Institute",Croatia,Science,36,30,No,Peer review
Luz,Universidad de Holguín,Cuba,Education,36,30,No,Open peer review
بوم شناسی کشاورزی,Ferdowsi University of Mashhad,"Iran, Islamic Republic of",Agriculture,36,28.600000000000023,Yes,Double anonymous peer review
Huanan Nongye Daxue xuebao,South China Agricultural University,China,Agriculture,36,28.600000000000023,Yes,Anonymous peer review
"IET Generation, Transmission & Distribution",Wiley,United Kingdom,Technology,36,28,Yes,Anonymous peer review
IET Image Processing,Wiley,United Kingdom,Technology,36,28,Yes,Anonymous peer review
Germanistica Euromediterrae,"University of Zadar, Department of German studies",Croatia,Language and Literature,36,35.40000000000009,No,Double anonymous peer review
‫مطالعات زبان و ترجمه,Ferdowsi University of Mashhad,"Iran, Islamic Republic of",Language and Literature,36,35.40000000000009,Yes,Double anonymous peer review
Anales de Psicologia,Servicio de Publicaciones de la Universidad de Murcia,Spain,Philosophy. Psychology. Religion,36,30,Yes,Double anonymous peer review
Etnografia,Wydawnictwo Uniwersytetu Gdańskiego,Poland,Geography. Anthropology. Recreation,36,33,No,Double anonymous peer review
Journal of Social Science Education,Bielefeld University,Germany,Education,36,30,No,Double anonymous peer review
Acta Medico-Historica Adriatica,Croatian scientific society for the history of health culture,Croatia,Medicine,36,28,No,Peer review
Quantitative Biology,Wiley,United States,Science,36,30,Yes,Anonymous peer review
Indian Journal of Dental Research,Wolters Kluwer Medknow Publications,India,Medicine,36,28,Yes,Anonymous peer review
Journal of Education and Health Promotion,Wolters Kluwer Medknow Publications,India,Education,36,30,Yes,Double anonymous peer review
The Indo-Pacific Journal of Phenomenology,Taylor & Francis,United Kingdom,Medicine,36,28,Yes,Double anonymous peer review
Revista Tradumàtica,Universitat Autònoma de Barcelona,Spain,Language and Literature,36,35.40000000000009,No,Double anonymous peer review
Revista Portuguesa de Cardiologia,Elsevier,Spain,Medicine,36,28,No,Double anonymous peer review
Soils and Foundations,Elsevier,Netherlands,Technology,36,28,Yes,Anonymous peer review
The Lancet Planetary Health,Elsevier,United Kingdom,Geography. Anthropology. Recreation,36,33,Yes,Anonymous peer review
Quaderns,Universitat Autònoma de Barcelona. Departament de Traducció i d'Interpretació,Spain,Language and Literature,36,35.40000000000009,No,Double anonymous peer review
Mathematica Pannonica,Akadémiai Kiadó,Hungary,Science,36,30,No,Anonymous peer review
Repères,ENS Éditions,France,Education,36,30,No,Double anonymous peer review
Internext: Revista Eletrônica de Negócios Internacionais,Escola Superior de Propaganda e Marketing - ESPM,Brazil,Political science,36,32,No,Double anonymous peer review
Amazônia,Universidade Federal do Pará,Brazil,Education,36,30,No,Peer review
Psicologia & Sociedade,Associação Brasileira de Psicologia Social,Brazil,Philosophy. Psychology. Religion,36,30,No,Double anonymous peer review
Bogoslovni Vestnik,University of Ljubljana Press (Založba Univerze v Ljubljani),Slovenia,Philosophy. Psychology. Religion,36,30,No,Anonymous peer review
Cell Reports Medicine,Elsevier,United States,Medicine,36,28,Yes,Anonymous peer review
Przegląd Socjologiczny,Łódzkie Towarzystwo Naukowe,Poland,Social Sciences,36,32,No,Double anonymous peer review
Revista de Ciencias Agrícolas,Universidad de Nariño,Colombia,Agriculture,36,28.600000000000023,No,Double anonymous peer review
Advances in Human-Computer Interaction,Wiley,United Kingdom,Science,36,30,Yes,Anonymous peer review
Cancer Convergence,BMC,United Kingdom,Medicine,36,28,No,Anonymous peer review
Estudos de Sociologia,Universidade Federal de Pernambuco (UFPE),Brazil,Social Sciences,36,32,No,Double anonymous peer review
Cleaner and Circular Bioeconomy,Elsevier,United Kingdom,Social Sciences,36,32,Yes,Anonymous peer review
Psico-USF,"Universidade de São Francisco, Programa de Pós-Graduação Stricto Sensu em Psicologia",Brazil,Philosophy. Psychology. Religion,36,30,No,Double anonymous peer review
Rocznik Skrzatuski,Biblioteka Wyższego Seminarium Duchownego Diecezji Koszalińsko-Kołobrzeskiej,Poland,Philosophy. Psychology. Religion,36,30,No,Double anonymous peer review
Social Sciences and Development Review,Polytechnic University of the Philippines,Philippines,Social Sciences,36,32,No,Double anonymous peer review
Revista de Turismo Contemporâneo,Postgraduate Program in Tourism of the Federal University of Rio Grande do Norte,Brazil,Social Sciences,36,32,No,Double anonymous peer review
Carnets,Association Portugaise d'Etudes Françaises,Portugal,Language and Literature,36,35.40000000000009,No,Double anonymous peer review
Journal of Public Transportation,Elsevier,United States,Social Sciences,36,32,Yes,Double anonymous peer review
Қарағанды университетиниң хабаршысы. Филология сериясы,Karaganda University named after E.A. Buketov,Kazakhstan,Language and Literature,36,35.40000000000009,Yes,Double anonymous peer review
Parallèles,University of Geneva,Switzerland,Language and Literature,36,35.40000000000009,No,Double anonymous peer review
心理学通讯,Editorial Office of Psychological Communications,China,Philosophy. Psychology. Religion,36,30,No,Double anonymous peer review
"Work Organisation, Labour and Globalisation",Pluto Journals,United Kingdom,Social Sciences,36,32,No,Double anonymous peer review
Neotropical Ichthyology,Sociedade Brasileira de Ictiologia,Brazil,Science,36,30,Yes,Anonymous peer review
Prometheus,Pluto Journals,United Kingdom,Social Sciences,36,32,No,Anonymous peer review
International Journal of Disability and Social Justice,Pluto Journals,United Kingdom,Social Sciences,36,32,No,Double anonymous peer review
Qualitative Health Communication,"Aarhus University, Center for Health Communication",Denmark,Medicine,36,28,No,Double anonymous peer review
Transactions of the American Mathematical Society. Series B,American Mathematical Society,United States,Science,36,30,Yes,Anonymous peer review
Paidéia (Ribeirão Preto),Universidade de São Paulo,Brazil,Philosophy. Psychology. Religion,36,30,No,Anonymous peer review
Foucault Studies,CBS Open Journals,Denmark,Philosophy. Psychology. Religion,36,30,No,Double anonymous peer review
Annales Henri Lebesgue,École Normale Supérieure de Rennes,France,Science,36,30,No,Anonymous peer review
Revista Portuguesa de Pedagogia,Coimbra University Press,Portugal,Education,35,30,No,Double anonymous peer review
Pige Kexue Yu Gongcheng,Leather Science and Engineering Editorial Office,China,Technology,35,28,Yes,Double anonymous peer review
Geografia Ensino & Pesquisa,Universidade Federal de Santa Maria (UFSM),Brazil,Geography. Anthropology. Recreation,35,33,No,Double anonymous peer review
Frontline Learning Research,EARLI,Belgium,Education,35,30,Yes,Double anonymous peer review
تحقیقات سلامت در جامعه,Mazandaran University of Medical Sciences,"Iran, Islamic Republic of",Medicine,35,28,No,Anonymous peer review
Revista Médica Electrónica,Universidad de Ciencias Médicas de Matanzas,Cuba,Medicine,35,28,No,Double anonymous peer review
Temas Agrarios,Universidad de Córdoba,Colombia,Agriculture,35,28.600000000000023,No,Double anonymous peer review
Revista Tamé,Universidad Autónoma de Nayarit,Mexico,Medicine,35,28,No,Double anonymous peer review
Civitas - Revista de Ciências Sociais,Pontifícia Universidade Católica do Rio Grande do Sul (EDIPUCRS),Brazil,Social Sciences,35,32,No,Anonymous peer review
Przegląd Prawno-Ekonomiczny,The John Paul II Catholic University of Lublin,Poland,Social Sciences,35,32,No,Double anonymous peer review
Revista de História da Sociedade e da Cultura,Coimbra University Press,Portugal,General Works,35,30.200000000000045,No,Double anonymous peer review
Recherches en Éducation,Nantes Université,France,Education,35,30,No,Double anonymous peer review
Revista Ciencias de la Salud,Universidad Colegio Mayor Nuestra Señora del Rosario,Colombia,Medicine,35,28,No,Double anonymous peer review
Intervirology,Karger Publishers,Switzerland,Medicine,35,28,Yes,Anonymous peer review
Indian Journal of Dental Sciences,Wolters Kluwer Medknow Publications,India,Medicine,35,28,Yes,Double anonymous peer review
Esercizi Filosofici,EUT Edizioni Università di Trieste,Italy,Philosophy. Psychology. Religion,35,30,No,Double anonymous peer review
Revista Latino-Americana de Geografia e Gênero,Universidade Estadual de Ponta Grossa,Brazil,Geography. Anthropology. Recreation,35,33,No,Anonymous peer review
Petroleum Research,"KeAi Communications Co., Ltd.",China,Technology,35,28,Yes,Double anonymous peer review
Antropologia Portuguesa,Coimbra University Press,Portugal,Geography. Anthropology. Recreation,35,33,No,Double anonymous peer review
Journal of Agricultural and Resource Economics,Western Agricultural Economics Association,United States,Agriculture,35,28.600000000000023,Yes,Double anonymous peer review
MedEst,Universidad de Ciencias Medicas de Matanzas,Cuba,Medicine,35,28,No,Double anonymous peer review
Ginekologia Polska,Via Medica,Poland,Medicine,35,28,Yes,Double anonymous peer review
"Annales Universitatis Mariae Curie-Skłodowska. Sectio K, Politologia","Maria Curie-Skłodowska University, Lublin, Poland",Poland,Political science,35,32,No,Double anonymous peer review
Médiations & Médiatisations,Université TÉLUQ,Canada,Education,35,30,No,Double anonymous peer review
Biblos,Coimbra University Press,Portugal,General Works,35,30.200000000000045,No,Double anonymous peer review
The Internet Journal of Allied Health Sciences & Practice,Nova Southeastern University,United States,Medicine,35,28,No,Double anonymous peer review
Water Harvesting Research,University of Birjand,"Iran, Islamic Republic of",Technology,35,28,No,Anonymous peer review
مطالعات کشورها,University of Tehran,"Iran, Islamic Republic of",Political science,35,32,Yes,Double anonymous peer review
Notas Económicas,Coimbra University Press,Portugal,Social Sciences,35,32,No,Double anonymous peer review
South Asian Journal of Cancer,Thieme Medical and Scientific Publishers Pvt. Ltd.,India,Medicine,35,28,No,Double anonymous peer review
Memorandum: memória e história em psicologia,Universidade Federal de Minas Gerais,Brazil,Philosophy. Psychology. Religion,35,30,No,Double anonymous peer review
Theofilos,NLA University College,Norway,Philosophy. Psychology. Religion,35,30,No,Double anonymous peer review
Obesity Facts,Karger Publishers,Switzerland,Technology,35,28,Yes,Anonymous peer review
Plato,Coimbra University Press,Portugal,Philosophy. Psychology. Religion,35,30,No,Double anonymous peer review
Hermes,Aarhus University,Denmark,Social Sciences,35,32,No,Double anonymous peer review
Saudi Journal of Medicine and Medical Sciences,Wolters Kluwer Medknow Publications,India,Medicine,35,28,No,Double anonymous peer review
Gerontologia,Kasvun ja vanhenemisen tutkijat ry,Finland,Social Sciences,35,32,No,Double anonymous peer review
Przegląd Europejski,Wydawnictwa Uniwersytetu Warszawskiego,Poland,Political science,35,32,No,Double anonymous peer review
Yantu gongcheng xuebao,Editorial Office of Chinese Journal of Geotechnical Engineering,China,Technology,35,28,Yes,Double anonymous peer review
Majallah-i Dānishgāh-i ̒Ulūm-i Pizishkī-i Qum,Qom University of Medical Sciences,"Iran, Islamic Republic of",Medicine,35,28,No,Anonymous peer review
Estudios Sociológicos,Colegio de México,Mexico,Social Sciences,35,32,No,Double anonymous peer review
Avances de Investigación en Educación Matemática,Sociedad Española de Investigación en Educación Matemática,Spain,Science,35,30,No,Double anonymous peer review
Direito em Debate,Universidade Regional do Noroeste do Estado do Rio Grande do Sul,Brazil,Law,35,25,Yes,Double anonymous peer review
Journal of Nephropathology,Society of Diabetic Nephropathy Prevention,"Iran, Islamic Republic of",Medicine,35,28,Yes,Double anonymous peer review
Espace populations sociétés,Université des Sciences et Technologies de Lille,France,Geography. Anthropology. Recreation,35,33,No,Double anonymous peer review
Œconomia,Association Œconomia,France,Social Sciences,35,32,No,Double anonymous peer review
Journal of Community Engagement and Scholarship,The University of Alabama,United States,Education,35,30,No,Double anonymous peer review
مشاوره شغلی و سازمانی,Shahid Beheshti University,"Iran, Islamic Republic of",Social Sciences,35,32,Yes,Peer review
Parks Stewardship Forum,"eScholarship Publishing, University of California",United States,Science,35,30,No,Double anonymous peer review
Journal of Logic and Analysis,Journal of Logic and Analysis,United Kingdom,Science,35,30,No,Peer review
Journal of Education,University of KwaZulu-natal,South Africa,Education,35,30,Yes,Double anonymous peer review
اخلاق وحیانی,Maarej Research Institute of Revelation Sciences,"Iran, Islamic Republic of",Philosophy. Psychology. Religion,35,30,No,Double anonymous peer review
Revista Agrogeoambiental,"Instituto Federal de Educação, Ciência e Tecnologia do Sul de Minas Gerais",Brazil,Agriculture,35,28.600000000000023,No,Double anonymous peer review
Earth System Science Data,Copernicus Publications,Germany,Geography. Anthropology. Recreation,35,33,Yes,Open peer review
Revue du Droit des Religions,Presses universitaires de Strasbourg,France,Law,35,25,No,Double anonymous peer review
Demonstratio Mathematica,De Gruyter,Poland,Science,35,30,Yes,Anonymous peer review
Eugesta,Université de Lille,France,Geography. Anthropology. Recreation,35,33,No,Double anonymous peer review
Revista Filosófica de Coimbra,Coimbra University Press,Portugal,Philosophy. Psychology. Religion,35,30,No,Double anonymous peer review
"Histoire, Médecine et Santé",Presses universitaires du Midi,France,Social Sciences,35,32,No,Peer review
MedEdPORTAL,Association of American Medical Colleges,United States,Medicine,35,28,No,Anonymous peer review
Journal of Philosophy in Schools,University of Birmingham Library Services,United Kingdom,Education,35,30,No,Editorial review
توسعه آموزش جندی‌شاپور,Ahvaz Jundishapur University of Medical Sciences,"Iran, Islamic Republic of",Education,35,30,No,Double anonymous peer review
Farāyand-i nu,National Iranian Oil Refining and Distribution Company (NIORDC),"Iran, Islamic Republic of",Technology,35,28,No,Double anonymous peer review
Transport and Telecommunication,Sciendo,Poland,Law,35,25,Yes,Double anonymous peer review
Chengshi guidao jiaotong yanjiu,Urban Mass Transit Magazine Press,China,Technology,35,28,Yes,Anonymous peer review
پدافند الکترونیکی و سایبری,Imam Hussein University,"Iran, Islamic Republic of",Science,35,30,No,Double anonymous peer review
Debater a Europa,Coimbra University Press,Portugal,Political science,35,32,No,Double anonymous peer review
Acta Asiatica Varsoviensia,Institute of Mediterranean and Oriental Cultures,Poland,Social Sciences,35,32,No,Double anonymous peer review
Media & Viestintä,Media- ja viestintätieteellinen seura Mevi,Finland,Social Sciences,35,32,No,Double anonymous peer review
Studia Ethnologica Pragensia,"Univerzita Karlova, Filozofická Fakulta",Czechia,Geography. Anthropology. Recreation,35,33,No,Double anonymous peer review
European Journal for Research on the Education and Learning of Adults,Linköping University Electronic Press,Sweden,Education,35,30,No,Double anonymous peer review
SA Journal of Industrial Psychology,AOSIS,South Africa,Social Sciences,35,32,Yes,Double anonymous peer review
IET Signal Processing,Wiley,United Kingdom,Technology,35,28,Yes,Anonymous peer review
IET Software,Wiley,United Kingdom,Science,35,30,Yes,Anonymous peer review
Cygne Noir,Érudit,Canada,Philosophy. Psychology. Religion,35,30,No,Double anonymous peer review
Studies in African Languages and Cultures,University of Warsaw Press,Poland,Geography. Anthropology. Recreation,35,33,No,Double anonymous peer review
Business Analyst,Emerald Publishing,United Kingdom,Social Sciences,35,32,No,Double anonymous peer review
Revista Brasileira de Aprendizagem Aberta e a Distância,Associação Brasileira de Educação a Distância (ABED),Brazil,Education,35,30,No,Double anonymous peer review
Iranian Journal of Nursing and Midwifery Research,Wolters Kluwer Medknow Publications,India,Medicine,35,28,Yes,Double anonymous peer review
Cadernos de Geografia,Coimbra University Press,Portugal,Geography. Anthropology. Recreation,35,33,No,Anonymous peer review
Indian Spine Journal,Wolters Kluwer Medknow Publications,India,Medicine,35,28,No,Double anonymous peer review
Nosocchu,The Japan Stroke Society,Japan,Medicine,35,28,Yes,Anonymous peer review
Journal of Dr. NTR University of Health Sciences,Wolters Kluwer Medknow Publications,India,Medicine,35,28,No,Double anonymous peer review
Gesellschaft - Individuum - Sozialisation,"Zürich: GISo Zeitschrift für Sozialisationsforschung Redaktion c/o Peter Rieker Universität Zürich, 2020",Switzerland,Social Sciences,35,32,No,Double anonymous peer review
Journal of Rehabilitation and Assistive Technologies Engineering,SAGE Publishing,United Kingdom,Medicine,35,28,Yes,Double anonymous peer review
Disciplinary and Interdisciplinary Science Education Research,SpringerOpen,United Kingdom,Education,35,30,No,Double anonymous peer review
Canadian Journal of Bioethics,"Programmes de bioéthique, École de santé publique de l'Université de Montréal",Canada,Philosophy. Psychology. Religion,35,30,No,Open peer review
Aethiopica,Universität Hamburg Hiob Ludolf Centre for Ethiopian and Eritrean Studies Asien-Afrika-Institut,Germany,Geography. Anthropology. Recreation,35,33,No,Double anonymous peer review
European Journal of Mental Health,Semmelweis University Institute of Mental Health,Hungary,Philosophy. Psychology. Religion,35,30,No,Double anonymous peer review
Eikasía,Asociación de Filosofía Eikasía,Spain,Philosophy. Psychology. Religion,35,30,No,Double anonymous peer review
Animal,Elsevier,Netherlands,Agriculture,35,28.600000000000023,Yes,Anonymous peer review
إنسانيات,Centre de recherche en anthropologie sociale et culturelle,Algeria,Geography. Anthropology. Recreation,35,33,No,Double anonymous peer review
Earth System Governance,Elsevier,Netherlands,Law,35,25,Yes,Double anonymous peer review
Clinics,Elsevier España,Spain,Medicine,35,28,Yes,Anonymous peer review
Journal of Clinical and Scientific Research,Wolters Kluwer Medknow Publications,India,Medicine,35,28,No,Double anonymous peer review
Forestist,İstanbul University-Cerrahpasa,Türkiye,Agriculture,35,28.600000000000023,No,Double anonymous peer review
تداوم و تغییر اجتماعی,Yazd University,"Iran, Islamic Republic of",Social Sciences,35,32,No,Double anonymous peer review
Cuadernos de Trabajo Social,Universidad Complutense de Madrid,Spain,Social Sciences,35,32,No,Peer review
Revista Agro,Universidad Tecnica Nacional,Costa Rica,Social Sciences,35,32,No,Anonymous peer review
Acta Ecclesiastica Sloveniae,University of Ljubljana Press (Založba Univerze v Ljubljani),Slovenia,Philosophy. Psychology. Religion,35,30,No,Double anonymous peer review
Egyptian Journal of Aquatic Research,Elsevier,Netherlands,Agriculture,35,28.600000000000023,Yes,Anonymous peer review
Revista Académica Arjé,Universidad Técnica Nacional,Costa Rica,Education,35,30,No,Anonymous peer review
Innovation and Green Development,Elsevier,Netherlands,Geography. Anthropology. Recreation,35,33,Yes,Double anonymous peer review
Veterinary Medicine and Science,Wiley,United Kingdom,Agriculture,35,28.600000000000023,Yes,Double anonymous peer review
The Clinical Respiratory Journal,Wiley,United Kingdom,Medicine,35,28,Yes,Anonymous peer review
Journal of Wood Science,SpringerOpen,United Kingdom,Agriculture,35,28.600000000000023,Yes,Anonymous peer review
JMIRx Med,JMIR Publications,Canada,Medicine,35,28,Yes,Anonymous peer review
Geo-Bio Interfaces,Cambridge University Press,United Kingdom,Geography. Anthropology. Recreation,35,33,Yes,Anonymous peer review
International Journal of Technology Assessment in Health Care,Cambridge University Press,United Kingdom,Medicine,35,28,Yes,Anonymous peer review
CHEST Critical Care,Elsevier,United States,Medicine,35,28,Yes,Double anonymous peer review
Humanités Numériques,Humanistica,France,General Works,35,30.200000000000045,No,Anonymous peer review
"Social and Emotional Learning: Research, Practice, and Policy",Elsevier,United States,Education,35,30,Yes,Double anonymous peer review
Urology Video Journal,Elsevier,United States,Medicine,35,28,Yes,Anonymous peer review
Multimodal Transportation,Elsevier,United Kingdom,Technology,35,28,Yes,Double anonymous peer review
The Journal of Climate Change and Health,Elsevier,France,Medicine,35,28,Yes,Double anonymous peer review
Zhongyiyao daobao,Editorial Office of Guiding Journal of Traditional Chinese Medicine and Pharmacy,China,Medicine,35,28,Yes,Double anonymous peer review
Brazilian Journal of Food Technology,Instituto de Tecnologia de Alimentos (ITAL),Brazil,Technology,35,28,Yes,Double anonymous peer review
Majallah-i ḥifāẓat-i giyāhān,Ferdowsi University of Mashhad,"Iran, Islamic Republic of",Agriculture,35,28.600000000000023,Yes,Double anonymous peer review
Journal of Early Childhood Education Research,Early Childhood Education Association Finland,Finland,Education,35,30,No,Double anonymous peer review
International Journal for Research in Vocational Education and Training,European Research Network Vocational Education and Training (VETNET),Germany,Education,35,30,No,Double anonymous peer review
Salud Pública de México,Instituto Nacional de Salud Pública,Mexico,Medicine,34,28,No,Double anonymous peer review
SaberEs,Universidad Nacional de Rosario,Argentina,Social Sciences,34,32,No,Double anonymous peer review
Studia Universitatis Babeș-Bolyai. Biologia,Cluj University Press,Romania,Science,34,30,No,Double anonymous peer review
پدافند غیرعامل,Imam Hussein University,"Iran, Islamic Republic of",Social Sciences,34,32,No,Double anonymous peer review
PLOS Sustainability and Transformation,Public Library of Science (PLoS),United States,Geography. Anthropology. Recreation,34,33,Yes,Anonymous peer review
پردازش سیگنال پیشرفته,University of Tabriz,"Iran, Islamic Republic of",Technology,34,28,No,Anonymous peer review
Persona,Universidad de Lima,Peru,Philosophy. Psychology. Religion,34,30,No,Double anonymous peer review
Botanica Serbica,University of Belgrade,Serbia,Science,34,30,No,Double anonymous peer review
Indian Dermatology Online Journal,Wolters Kluwer Medknow Publications,India,Medicine,34,28,No,Double anonymous peer review
Revista Brasileira de Pesquisa em Turismo,Associação Nacional de Pós-Graduação em Turismo,Brazil,Geography. Anthropology. Recreation,34,33,No,Double anonymous peer review
"Economía, Sociedad y Territorio","El Colegio Mexiquense, A.C.",Mexico,Geography. Anthropology. Recreation,34,33,No,Double anonymous peer review
APIK Journal of Internal Medicine,Wolters Kluwer Medknow Publications,India,Medicine,34,28,No,Double anonymous peer review
International Food and Agribusiness Management Review,BRILL,Netherlands,Agriculture,34,28.600000000000023,Yes,Double anonymous peer review
Kultura Słowian,Polish Academy of Arts and Sciences,Poland,Geography. Anthropology. Recreation,34,33,No,Double anonymous peer review
Locke Studies,"Western Libraries, The University of Western Ontario",Canada,Philosophy. Psychology. Religion,34,30,No,Double anonymous peer review
Health Reform Observer - Observatoire des Réformes de Santé,McMaster University Library Press,Canada,Medicine,34,28,No,Peer review
Gateways,UTS ePRESS,Australia,Social Sciences,34,32,No,Double anonymous peer review
"Nonlinear Theory and Its Applications, IEICE","The Institute of Electronics, Information and Communication Engineers  (IEICE)",Japan,Technology,34,28,Yes,Anonymous peer review
Theoria,University of the Basque Country,Spain,Philosophy. Psychology. Religion,34,30,No,Double anonymous peer review
Zhongguo quanke yixue,"Chinese General Practice Publishing House Co., Ltd",China,Medicine,34,28,Yes,Double anonymous peer review
Transactions of Mathematics and its Applications,Oxford University Press,United Kingdom,Technology,34,28,Yes,Anonymous peer review
Arquivos de Zoologia,Museu de Zoologia da Universidade de São Paulo,Brazil,Science,34,30,No,Anonymous peer review
Revista Brasileira de Agroecologia,Associação Brasileira de Agroecologia,Brazil,Agriculture,34,28.600000000000023,No,Anonymous peer review
Avaliação Psicológica,Instituto Brasileiro de Avaliação Psicológica (IBAP),Brazil,Philosophy. Psychology. Religion,34,30,Yes,Double anonymous peer review
Torture,International Rehabilitation Council for Torture Victims,Denmark,Medicine,34,28,No,Double anonymous peer review
Pediatric Infectious Disease,Jaypee Brothers Medical Publisher,India,Medicine,34,28,No,Double anonymous peer review
Finnish Yearbook of Population Research,Population Research Institute of Väestöliitto,Finland,Social Sciences,34,32,No,Double anonymous peer review
Tic & Société,Association de Recherche en Technologies de l’Information et de la Communication,France,Technology,34,28,No,Peer review
Kragujevac Journal of Mathematics,"University of Kragujevac, Faculty of Science",Serbia,Science,34,30,No,Anonymous peer review
Archiwum Filozofii Prawa i Filozofii Społecznej,Stowarzyszenie Filozofii Prawa i Filozofii Społecznej – Sekcja Polska IVR,Poland,Law,34,25,No,Double anonymous peer review
Journal of Apicultural Science,Sciendo,Poland,Science,34,30,Yes,Double anonymous peer review
Journal of Minimal Access Surgery,Wolters Kluwer Medknow Publications,India,Medicine,34,28,Yes,Anonymous peer review
Journal of Organizational Sociology,De Gruyter,Germany,Social Sciences,34,32,No,Double anonymous peer review
Journal of Sustainable Real Estate,Taylor & Francis Group,United Kingdom,Social Sciences,34,32,Yes,Anonymous peer review
Behavioural Neurology,Wiley,United Kingdom,Medicine,34,28,Yes,Anonymous peer review
Gynecology and Minimally Invasive Therapy,Wolters Kluwer Medknow Publications,India,Medicine,34,28,No,Double anonymous peer review
پژوهش های حقوق تطبیقی,Tarbiat Modares University,"Iran, Islamic Republic of",Law,34,25,Yes,Double anonymous peer review
Journal of ISAKOS,Elsevier,United States,Medicine,34,28,Yes,Anonymous peer review
Egyptian Journal of Chest Disease and Tuberculosis,Wolters Kluwer Medknow Publications,India,Medicine,34,28,Yes,Double anonymous peer review
Journal of Current Ophthalmology,Wolters Kluwer Medknow Publications,India,Medicine,34,28,No,Double anonymous peer review
Journal of Medical Signals and Sensors,Wolters Kluwer Medknow Publications,India,Medicine,34,28,Yes,Double anonymous peer review
Endodontology,Wolters Kluwer Medknow Publications,India,Medicine,34,28,Yes,Double anonymous peer review
Jisuanji kexue yu tansuo,"Journal of Computer Engineering and Applications Beijing Co., Ltd., Science Press",China,Science,34,30,Yes,Anonymous peer review
Fixed Point Theory and Algorithms for Sciences and Engineering,SpringerOpen,United Kingdom,Technology,34,28,Yes,Anonymous peer review
Spectrum,University of Alberta Library,Canada,General Works,34,30.200000000000045,No,Double anonymous peer review
Zeszyty Prawnicze,Cardinal Stefan Wyszynski University in Warsaw,Poland,Law,34,25,No,Double anonymous peer review
IET Cyber-systems and Robotics,Wiley,United Kingdom,Science,34,30,Yes,Anonymous peer review
IET Computer Vision,Wiley,United Kingdom,Medicine,34,28,Yes,Anonymous peer review
IET Power Electronics,Wiley,United Kingdom,Technology,34,28,Yes,Anonymous peer review
Farol. Revista de Estudos Organizacionais e Sociedade,Universidade Federal de Minas Gerais,Brazil,Social Sciences,34,32,No,Double anonymous peer review
Aisthesis,Pontificia Universidad Católica de Chile,Chile,Philosophy. Psychology. Religion,34,30,No,Double anonymous peer review
Journal of Tourism Futures,Emerald Publishing,United Kingdom,Social Sciences,34,32,No,Double anonymous peer review
Energy Strategy Reviews,Elsevier,United Kingdom,Social Sciences,34,32,Yes,Anonymous peer review
Meždunarodnye processy,Academic Educational Forum on International Relations,Russian Federation,Political science,34,32,No,Double anonymous peer review
Genetics in Medicine Open,Elsevier,United States,Science,34,30,Yes,Double anonymous peer review
Athenea Digital,Universitat Autònoma de Barcelona,Spain,General Works,34,30.200000000000045,No,Double anonymous peer review
Urban Governance,Elsevier,Netherlands,Social Sciences,34,32,Yes,Double anonymous peer review
Journal of Psychedelic Studies,Akadémiai Kiadó,Hungary,Science,34,30,No,Double anonymous peer review
IET Communications,Wiley,United Kingdom,Technology,34,28,Yes,Anonymous peer review
IET Control Theory & Applications,Wiley,United Kingdom,Technology,34,28,Yes,Anonymous peer review
Journal of Technology Education,Virginia Tech Libraries,United States,Education,34,30,No,Double anonymous peer review
Cell Reports: Methods,Elsevier,United States,Technology,34,28,Yes,Anonymous peer review
Наукові записки НаУКМА. Комп'ютерні науки,National University of Kyiv-Mohyla Academy,Ukraine,Science,34,30,No,Double anonymous peer review
Cell Genomics,Elsevier,United States,Science,34,30,Yes,Anonymous peer review
Beiträge zur Hochschulforschung,Bayerisches Staatsinstitut für Hochschulforschung und Hochschulplanung,Germany,Education,34,30,No,Double anonymous peer review
Archives of Rehabilitation Research and Clinical Translation,Elsevier,Netherlands,Medicine,34,28,Yes,Double anonymous peer review
Human Resources for Health,BMC,United Kingdom,Medicine,34,28,Yes,Open peer review
Cost Effectiveness and Resource Allocation,BMC,United Kingdom,Medicine,34,28,Yes,Anonymous peer review
Atmospheric Science Letters,Wiley,United Kingdom,Science,34,30,Yes,Peer review
Eco-Environment & Health,Elsevier,Netherlands,Science,34,30,Yes,Anonymous peer review
Developments in Health Sciences,Akadémiai Kiadó,Hungary,Medicine,34,28,Yes,Double anonymous peer review
Discover Polymers,Springer,Singapore,Technology,34,28,Yes,Anonymous peer review
Prostate International,Elsevier,Netherlands,Medicine,34,28,Yes,Double anonymous peer review
Wearable Technologies,Cambridge University Press,United Kingdom,Technology,34,28,Yes,Anonymous peer review
CJC Pediatric and Congenital Heart Disease,Elsevier,United States,Medicine,34,28,Yes,Anonymous peer review
Scientia et Securitas,Akadémiai Kiadó,Hungary,Social Sciences,34,32,No,Anonymous peer review
Stem Cell Reports,Elsevier,United States,Medicine,34,28,Yes,Anonymous peer review
Desenvolvimento em Questão,Editora Unijuí,Brazil,Social Sciences,34,32,Yes,Double anonymous peer review
Animal Welfare,Cambridge University Press,United Kingdom,Science,34,30,Yes,Anonymous peer review
Green Chemistry Letters and Reviews,Taylor & Francis Group,United Kingdom,Science,34,30,Yes,Anonymous peer review
Revija za Socijalnu Politiku,Studijski centar socijalnog rada,Croatia,Social Sciences,33,32,No,Double anonymous peer review
Journal of Surgical Specialties and Rural Practice,Wolters Kluwer Medknow Publications,India,Medicine,33,28,Yes,Double anonymous peer review
Science Advances,American Association for the Advancement of Science (AAAS),United States,Science,33,30,Yes,Anonymous peer review
Journal of Research in Medical Sciences,Wolters Kluwer Medknow Publications,India,Medicine,33,28,Yes,Double anonymous peer review
Brazilian Journal of Oncology,Thieme Revinter Publicações Ltda.,Brazil,Medicine,33,28,No,Peer review
Патология кровообращения и кардиохирургия,Meshalkin National Medical Research Center,Russian Federation,Medicine,33,28,No,Double anonymous peer review
Textos de Economia,Universidade Federal de Santa Catarina,Brazil,Social Sciences,33,32,No,Double anonymous peer review
Hypertension in Pregnancy,Taylor & Francis Group,United Kingdom,Medicine,33,28,Yes,Anonymous peer review
Revista Médica Hondureña,Colegio Médico de Honduras,Honduras,Medicine,33,28,No,Peer review
Turkish Journal of Hematology,Turkish Society of Hematology,Türkiye,Medicine,33,28,No,Double anonymous peer review
Acta Geographica Slovenica,"ZRC SAZU, Založba ZRC",Slovenia,Geography. Anthropology. Recreation,33,33,No,Double anonymous peer review
Geologica Acta,"Universitat de Barcelona (UB), Geociències Barcelona (Geo3BCN), Institut de Diagnosi Ambiental i Estudis de l'Aigua (IDAEA), Universitat Autònoma de Barcelona (UAB)",Spain,Science,33,30,No,Double anonymous peer review
European Medical Journal,European Medical Journal,United Kingdom,Medicine,33,28,No,Double anonymous peer review
Intangible Capital,OmniaScience,Spain,General Works,33,30.200000000000045,Yes,Double anonymous peer review
气体物理,"China Astronautic Publishing CO., LTD. ; Editorial Office of Physics of Gases",China,Science,33,30,Yes,Anonymous peer review
Demetra,Universidade do Estado do Rio de Janeiro,Brazil,Agriculture,33,28.600000000000023,No,Anonymous peer review
You-qi chuyun,Editorial Office of Oil & Gas Storage and Transportation,China,Technology,33,28,No,Double anonymous peer review
Journal of Public and Professional Sociology,Kennesaw State University,United States,Social Sciences,33,32,No,Anonymous peer review
Horticultural Plant Journal,"KeAi Communications Co., Ltd.",China,Agriculture,33,28.600000000000023,Yes,Double anonymous peer review
Indian Journal of Medical Specialities,Wolters Kluwer Medknow Publications,India,Medicine,33,28,No,Double anonymous peer review
IET Biometrics,Wiley,United Kingdom,Science,33,30,Yes,Anonymous peer review
Journal of Long-Term Care,LSE Press,United Kingdom,Medicine,33,28,No,Double anonymous peer review
Journal of Dermatology and Dermatologic Surgery,Wolters Kluwer Medknow Publications,India,Medicine,33,28,No,Double anonymous peer review
International Journal of Sediment Research,"KeAi Communications Co., Ltd.",China,Technology,33,28,Yes,Double anonymous peer review
Journal of Biological Dynamics,Taylor & Francis Group,United Kingdom,Geography. Anthropology. Recreation,33,33,Yes,Anonymous peer review
Nonlinear Processes in Geophysics,Copernicus Publications,Germany,Science,33,30,Yes,Open peer review
Enfermería Universitaria,Universidad Nacional Autónoma de México,Mexico,Medicine,33,28,No,Peer review
Cuadernos de Geografía: Revista Colombiana de Geografía,Universidad Nacional de Colombia,Colombia,Geography. Anthropology. Recreation,33,33,No,Double anonymous peer review
International Journal of Computational Methods and Experimental Measurements,WIT Press,United Kingdom,Science,33,30,Yes,Anonymous peer review
Oryx,Cambridge University Press,United Kingdom,Science,33,30,Yes,Anonymous peer review
Vértices,Essentia Editora IFFluminense,Brazil,Science,33,30,No,Double anonymous peer review
Seed Science Research,Cambridge University Press,United Kingdom,Agriculture,33,28.600000000000023,Yes,Anonymous peer review
BMJ Health & Care Informatics,BMJ Publishing Group,United Kingdom,Medicine,33,28,Yes,Anonymous peer review
Annals of Tourism Research Empirical Insights,Elsevier,United Kingdom,Geography. Anthropology. Recreation,33,33,Yes,Double anonymous peer review
Current Research in Ecological and Social Psychology,Elsevier,Netherlands,Philosophy. Psychology. Religion,33,30,Yes,Anonymous peer review
Ziran Ziyuan Xuebao,Science Press,China,Geography. Anthropology. Recreation,33,33,Yes,Double anonymous peer review
HTS Teologiese Studies/Theological Studies,AOSIS,South Africa,Philosophy. Psychology. Religion,33,30,Yes,Double anonymous peer review
Journal of Computational Algebra,Elsevier,Netherlands,Science,33,30,No,Anonymous peer review
Public Health in Practice,Elsevier,United Kingdom,Medicine,33,28,Yes,Double anonymous peer review
Weather and Climate Extremes,Elsevier,United Kingdom,Science,33,30,Yes,Anonymous peer review
IET Networks,Wiley,United Kingdom,Technology,33,28,Yes,Anonymous peer review
European Journal of Sport Science,Wiley,United States,Geography. Anthropology. Recreation,33,33,Yes,Double anonymous peer review
South African Journal of Occupational Therapy,Occupational Therapy Association of South Africa,South Africa,Medicine,33,28,No,Double anonymous peer review
BMJ Global Health,BMJ Publishing Group,United Kingdom,Medicine,33,28,Yes,Anonymous peer review
Transactions of the International Society for Music Information Retrieval,Ubiquity Press,United Kingdom,Technology,33,28,Yes,Double anonymous peer review
npj Urban Sustainability,Nature Portfolio,United Kingdom,Social Sciences,33,32,Yes,Double anonymous peer review
International Journal of Reconfigurable Computing,Wiley,United Kingdom,Technology,33,28,Yes,Anonymous peer review
Molecular & Cellular Proteomics,Elsevier,United States,Science,33,30,Yes,Anonymous peer review
IET Wireless Sensor Systems,Wiley,United Kingdom,Technology,33,28,Yes,Anonymous peer review
Quantitative Plant Biology,Cambridge University Press,United Kingdom,Agriculture,33,28.600000000000023,Yes,Open peer review
European Constitutional Law Review,Cambridge University Press,United Kingdom,Law,33,25,Yes,Double anonymous peer review
The Innovation,Elsevier,United States,Science,33,30,Yes,Anonymous peer review
Cell Reports Sustainability,Elsevier,United States,Geography. Anthropology. Recreation,33,33,Yes,Anonymous peer review
JHEP Reports,Elsevier,United States,Medicine,33,28,Yes,Anonymous peer review
Structural Heart,Elsevier,United States,Medicine,33,28,Yes,Anonymous peer review
Apuntes del CENES,Universidad Pedagógica y Tecnológica de Colombia,Colombia,Social Sciences,33,32,No,Double anonymous peer review
Logical Methods in Computer Science,Logical Methods in Computer Science e.V.,Germany,Philosophy. Psychology. Religion,33,30,No,Anonymous peer review
PLOS Complex Systems,Public Library of Science (PLoS),United States,Technology,33,28,Yes,Anonymous peer review
Politikon,International Association for Political Science Students (IAPSS),Netherlands,Political science,32,32,No,Double anonymous peer review
Neurogastro LATAM Reviews,Permanyer,Spain,Medicine,32,28,No,Double anonymous peer review
Biomédica: revista del Instituto Nacional de Salud,Instituto Nacional de Salud,Colombia,Medicine,32,28,No,Peer review
同济大学学报. 医学版,Editorail Office of Journal of Tongji University(Medical Science),China,Medicine,32,28,Yes,Double anonymous peer review
Annals of Thoracic and Cardiovascular Surgery,Editorial Committee of Annals of Thoracic and Cardiovascular Surgery,Japan,Medicine,32,28,Yes,Anonymous peer review
Accounting and Management Research,Corporación Universitaria Remington,Colombia,Social Sciences,32,32,No,Double anonymous peer review
Basic & Applied Herpetology,Asociación Herpetológica Española,Spain,Science,32,30,No,Anonymous peer review
Revista de Biologia Neotropical,Universidade Federal de Goiás,Brazil,Science,32,30,No,Double anonymous peer review
He huaxue yu fangshe huaxue,Editorial Office of Journal of Nuclear and Radiochemistry,China,Technology,32,28,Yes,Anonymous peer review
Studia Philosophica,Schwabe Verlag,Switzerland,Philosophy. Psychology. Religion,32,30,No,Peer review
Universidad en Diálogo,"Universidad Nacional, Costa Rica",Costa Rica,Social Sciences,32,32,No,Double anonymous peer review
Journal of Orthopaedic Diseases and Traumatology,Wolters Kluwer Medknow Publications,India,Medicine,32,28,Yes,Double anonymous peer review
Intropica,Universidad del Magdalena,Colombia,Agriculture,32,28.600000000000023,No,Double anonymous peer review
Scholar & Feminist Online,Barnard Center for Research on Women,United States,Social Sciences,32,32,No,Anonymous peer review
Adipocyte,Taylor & Francis Group,United Kingdom,Medicine,32,28,Yes,Anonymous peer review
Ecosistemas y Recursos Agropecuarios,Universidad Juárez Autónoma de Tabasco,Mexico,Agriculture,32,28.600000000000023,No,Double anonymous peer review
Revista de Ciências da Administração : RCA,Universidade Federal de Santa Catarina,Brazil,Political science,32,32,No,Double anonymous peer review
Revista Gestão Universitária na América Latina,Universidade Federal de Santa Catarina,Brazil,Education,32,30,No,Double anonymous peer review
Proyecciones,Universidad Nacional de La Plata,Argentina,Social Sciences,32,32,No,Double anonymous peer review
Majallah-i ̒Ulum-i Bāghbānī,Ferdowsi University of Mashhad,"Iran, Islamic Republic of",Agriculture,32,28.600000000000023,Yes,Double anonymous peer review
JFMR-Journal of Fisheries and Marine Research,University of Brawijaya,Indonesia,Agriculture,32,28.600000000000023,No,Peer review
Journal of Epidemiology,Japan Epidemiological Association,Japan,Medicine,32,28,Yes,Anonymous peer review
Journal of Postsecondary Student Success,Florida State Open Publishing,United States,Education,32,30,No,Double anonymous peer review
Bulletin of the World Health Organization,The World Health Organization,Switzerland,Medicine,32,28,No,Anonymous peer review
Costos y Gestión,Instituto Argentino de Profesores Universitarios de Costos (IAPUCo),Argentina,Social Sciences,32,32,No,Double anonymous peer review
ERBE,Research Center in Economics & Business Sciences (CICEE),Portugal,Social Sciences,32,32,No,Double anonymous peer review
"Oficio, Revista de Historia e Interdisciplina","Departamento de Historia, Universidad de Guanajuato",Mexico,General Works,32,30.200000000000045,No,Double anonymous peer review
Zhongguo Nongcun Shuili Shuidian,The Editorial Office Of China Rural Water And Hydropower,China,Technology,32,28,Yes,Anonymous peer review
Folia Oeconomica Stetinensia,Sciendo,Poland,Social Sciences,32,32,No,Double anonymous peer review
Gestalt Theory,Sciendo,Poland,Philosophy. Psychology. Religion,32,30,No,Double anonymous peer review
The Copenhagen Journal of Asian Studies,CBS Open Journals,Denmark,Political science,32,32,No,Double anonymous peer review
Theoretical and Applied Mechanics,"Serbian Society of Mechanics & Mathematical Institute of the Serbian Academy of Sciences and Arts, Belgrade",Serbia,Technology,32,28,No,Anonymous peer review
Islamophobia Studies Journal,Pluto Journals,United Kingdom,Philosophy. Psychology. Religion,32,30,No,Double anonymous peer review
Arc,McGill University Library,Canada,Philosophy. Psychology. Religion,32,30,No,Peer review
Journal of Conservation and Museum Studies,Ubiquity Press,United Kingdom,General Works,32,30.200000000000045,Yes,Double anonymous peer review
Socio-anthropologie,Éditions de la Sorbonne,France,Social Sciences,32,32,No,Double anonymous peer review
Interdisciplinary Journal of Problem-based Learning,Purdue University Press,United States,Education,32,30,No,Double anonymous peer review
Türk Kardiyoloji Derneği Arşivi,KARE Publishing,Türkiye,Medicine,32,28,No,Double anonymous peer review
Revista Bio Ciencias,Universidad Autónoma de Nayarit,Mexico,Agriculture,32,28.600000000000023,No,Double anonymous peer review
Jurnal Pemberdayaan Masyarakat,Medan: Fakultas Dakwah dan Komunikasi UIN Sumatera Utara,Indonesia,Social Sciences,32,32,No,Double anonymous peer review
Physical Review Physics Education Research,American Physical Society,United States,Education,32,30,Yes,Anonymous peer review
Saudi Endodontic Journal,Wolters Kluwer Medknow Publications,India,Medicine,32,28,No,Double anonymous peer review
Sapienza Organizacional,Universidad de Los Andes (Venezuela),"Venezuela, Bolivarian Republic of",Political science,32,32,No,Double anonymous peer review
Journal of Pre-College Engineering Education Research,Purdue University Press,United States,Education,32,30,No,Double anonymous peer review
Journal of Optimization in Industrial Engineering,"Islamic Azad University, Qazvin Branch","Iran, Islamic Republic of",Technology,32,28,Yes,Double anonymous peer review
Nordic Journal of Innovation in the Public Sector,Scandinavian University Press,Norway,Political science,32,32,No,Double anonymous peer review
Revista Mexicana de Ciencias Geológicas,Universidad Nacional Autónoma de México,Mexico,Science,32,30,No,Anonymous peer review
Urbani Izziv,Urbanistični inštitut RS,Slovenia,Social Sciences,32,32,No,Double anonymous peer review
Shipin gongye ke-ji,The editorial department of Science and Technology of Food Industry,China,Technology,32,28,Yes,Double anonymous peer review
暴雨灾害,Editorial Office of Torrential Rain and Disasters,China,Science,32,30,Yes,Double anonymous peer review
Acta Scientiarum: Biological Sciences,Universidade Estadual de Maringá,Brazil,Science,32,30,No,Anonymous peer review
Logos,Universidad Complutense de Madrid,Spain,Philosophy. Psychology. Religion,32,30,No,Double anonymous peer review
Regiones y Desarrollo Sustentable,"El Colegio de Tlaxcala, A. C.",Mexico,Social Sciences,32,32,No,Double anonymous peer review
آمایش سیاسی فضا,Tarbiat Modares University,"Iran, Islamic Republic of",Social Sciences,32,32,Yes,Double anonymous peer review
پژوهش‌نامه متین,Research Institute of Imam Khomeini and Islamic Revolution,"Iran, Islamic Republic of",Political science,32,32,Yes,Double anonymous peer review
Interdisciplinaria,"CONICET, Centro Interamericano de Investigaciones Psicológicas y Ciencias Afines",Argentina,Philosophy. Psychology. Religion,32,30,No,Double anonymous peer review
矿业科学学报,Emergency Management Press,China,Technology,32,28,Yes,Double anonymous peer review
Zhongguo dongmai yinghua zazhi,Editorial Office of Chinese Journal of Arteriosclerosis,China,Medicine,32,28,Yes,Double anonymous peer review
Ciencia UNEMI,Universidad Estatal de Milagro,Ecuador,Social Sciences,32,32,No,Double anonymous peer review
Tendencias Pedagógicas,Universidad Autónoma de Madrid,Spain,Education,32,30,No,Double anonymous peer review
Journal für Facility Management,"TU Wien, Institute of Management Science, IFM - Real Estate and Facility Management",Austria,Technology,32,28,No,Double anonymous peer review
Ideas,RAGIF Ediciones,Argentina,Philosophy. Psychology. Religion,32,30,No,Double anonymous peer review
Tiedao kancha,Editorial Office of Railway Investigation and Surveying,China,Technology,32,28,Yes,Double anonymous peer review
Mirai,Universidad Complutense de Madrid,Spain,Social Sciences,32,32,No,Double anonymous peer review
Revista de Ciencias,Universidad del Valle,Colombia,Science,32,30,No,Double anonymous peer review
Revista Colombiana de Estadística,Universidad Nacional de Colombia,Colombia,Social Sciences,32,32,No,Double anonymous peer review
Anadolu Hemşirelik ve Sağlık Bilimleri Dergisi,Atatürk University,Türkiye,Medicine,32,28,No,Double anonymous peer review
Excellence and Innovation in Learning and Teaching,Franco Angeli,Italy,Education,32,30,No,Double anonymous peer review
South Asia Multidisciplinary Academic Journal,Centre d’Etudes de l’Inde et de l’Asie du Sud,France,Social Sciences,32,32,No,Double anonymous peer review
Revista de Políticas Públicas,Universidade Federal do Maranhão,Brazil,Political science,32,32,No,Peer review
Revista Colombiana de Ciencia Animal Recia,Universidad de Sucre,Colombia,Agriculture,32,28.600000000000023,No,Anonymous peer review
Revista Argentina de Ciencias del Comportamiento,Universidad Nacional de Córdoba,Argentina,Philosophy. Psychology. Religion,32,30,No,Double anonymous peer review
Cultura y Droga,Universidad de Caldas,Colombia,Medicine,32,28,No,Double anonymous peer review
Journal of Family Medicine and Primary Care,Wolters Kluwer Medknow Publications,India,Medicine,32,28,Yes,Double anonymous peer review
RAE: Revista de Administração de Empresas,"Fundação Getulio Vargas, Escola de Administração de Empresas de São Paulo",Brazil,Social Sciences,32,32,No,Double anonymous peer review
Nordidactica: Journal of Humanities and Social Science Education,Karlstads Universitet,Sweden,Education,32,30,No,Double anonymous peer review
Desert,University of Tehran,"Iran, Islamic Republic of",Agriculture,32,28.600000000000023,No,Double anonymous peer review
زن در توسعه و سیاست,Faculty of Social Sciences University of Tehran,"Iran, Islamic Republic of",Social Sciences,32,32,Yes,Double anonymous peer review
International Journal of Applied Mathematics and Computer Science,Sciendo,Poland,Science,32,30,Yes,Anonymous peer review
Academy Review,Alfred Nobel University,Ukraine,Social Sciences,32,32,Yes,Double anonymous peer review
PLoS Computational Biology,Public Library of Science (PLoS),United States,Science,32,30,Yes,Anonymous peer review
Psicologia USP,Universidade de São Paulo,Brazil,Philosophy. Psychology. Religion,32,30,No,Double anonymous peer review
Sententiae,Vinnytsia National Technical University,Ukraine,Philosophy. Psychology. Religion,32,30,No,Double anonymous peer review
Sedimentologika,Bibliothèque de l'Université de Genève,Switzerland,Science,32,30,No,Double anonymous peer review
State Crime,Pluto Journals,United Kingdom,Social Sciences,32,32,No,Anonymous peer review
Youqi dizhi yu caishoulu,Editorial Office of Petroleum Geology and Recovery Efficiency,China,Technology,32,28,Yes,Double anonymous peer review
Global Emergency and Critical Care,Türkiye Acil Tıp Vakfı,Türkiye,Medicine,32,28,No,Double anonymous peer review
Research Data Journal for the Humanities and Social Sciences,International Institute of Social History,Netherlands,Social Sciences,32,32,No,Double anonymous peer review
RHS Revista Humanismo y Sociedad,Corporación Universitaria Remington,Colombia,Social Sciences,32,32,No,Double anonymous peer review
Teorie vědy,"Czech Academy of Sciences, Institute of Philosophy",Czechia,Philosophy. Psychology. Religion,32,30,No,Double anonymous peer review
IDP,Universitat Oberta de Catalunya,Spain,Law,32,25,No,Double anonymous peer review
Statistics and Public Policy,Taylor & Francis Group,United States,Political science,32,32,Yes,Anonymous peer review
Advanced Biomedical Research,Wolters Kluwer Medknow Publications,India,Medicine,32,28,Yes,Double anonymous peer review
Research in Pharmaceutical Sciences,Wolters Kluwer Medknow Publications,India,Medicine,32,28,Yes,Double anonymous peer review
Drassana,Museu Marítim de Barcelona,Spain,Social Sciences,32,32,No,Double anonymous peer review
Acta Universitatis Nicolai Copernici. Nauki Humanistyczno-Społeczne. Zabytkoznawstwo i Konserwatorstwo,Uniwersytet Mikołaja Kopernika w Toruniu,Poland,General Works,32,30.200000000000045,No,Double anonymous peer review
Journal of Industrial Textiles,SAGE Publishing,United Kingdom,Technology,32,28,Yes,Double anonymous peer review
Revista de Filosofia,Universidad Complutense de Madrid,Spain,Philosophy. Psychology. Religion,32,30,No,Double anonymous peer review
Bioagro,Universidad Centroccidental LIsandro Alvarado,"Venezuela, Bolivarian Republic of",Agriculture,32,28.600000000000023,No,Double anonymous peer review
Kriminologijos studijos,Vilnius University Press,Lithuania,Social Sciences,32,32,No,Double anonymous peer review
Jurnal Entomologi Indonesia,The Entomological Society of Indonesia,Indonesia,Science,32,30,Yes,Double anonymous peer review
Jurnal Kesehatan Masyarakat Andalas,"Andalas University, Faculty of Public Health",Indonesia,Medicine,32,28,No,Double anonymous peer review
Discover Catalysis,Springer Nature,Singapore,Social Sciences,32,32,Yes,Anonymous peer review
Journal of Materials Science: Materials in Medicine,Springer,Switzerland,Technology,32,28,Yes,Anonymous peer review
Comprehensive Plant Biology,University of Belgrade,Serbia,Science,32,30,No,Double anonymous peer review
Digital Policy Studies,UJ Press,South Africa,Technology,32,28,No,Double anonymous peer review
Uni-pluriversidad,Universidad de Antioquia,Colombia,Education,32,30,No,Double anonymous peer review
Images,Adam Mickiewicz University Press,Poland,Technology,32,28,No,Double anonymous peer review
Epidemiology and Psychiatric Sciences,Cambridge University Press,United Kingdom,Medicine,32,28,Yes,Anonymous peer review
Linchuang erke zazhi,Editorial Office of Journal of Clinical Pediatrics,China,Medicine,32,28,Yes,Double anonymous peer review
Frontiers of Optoelectronics,Springer & Higher Education Press,Germany,Technology,32,28,No,Anonymous peer review
Bulletin of the Section of Logic,Lodz University Press,Poland,Philosophy. Psychology. Religion,32,30,No,Anonymous peer review
BMJ Open,BMJ Publishing Group,United Kingdom,Medicine,32,28,Yes,Open peer review
Central Bank Review,Elsevier,Netherlands,Social Sciences,32,32,Yes,Double anonymous peer review
International Journal of Nursing Sciences,Elsevier,Netherlands,Medicine,32,28,No,Double anonymous peer review
PLoS Medicine,Public Library of Science (PLoS),United States,Medicine,32,28,Yes,Anonymous peer review
Measurement: Food,Elsevier,United Kingdom,Technology,32,28,Yes,Anonymous peer review
International Journal of Ophthalmology,Press of International Journal of Ophthalmology (IJO PRESS),China,Medicine,32,28,Yes,Double anonymous peer review
IET Intelligent Transport Systems,Wiley,United Kingdom,Technology,32,28,Yes,Anonymous peer review
International Journal of Conflict and Violence,University of Bielefeld,Germany,Political science,32,32,No,Double anonymous peer review
Sociologica,University of Bologna,Italy,Social Sciences,32,32,No,Double anonymous peer review
Brazilian Journal of Poultry Science,Fundação de Apoio à Ciência e Tecnologia Animal,Brazil,Agriculture,32,28.600000000000023,Yes,Anonymous peer review
BJPsych Bulletin,Cambridge University Press,United Kingdom,Medicine,32,28,Yes,Anonymous peer review
Academic Pathology,Elsevier,United States,Medicine,32,28,Yes,Anonymous peer review
Nature Environment and Pollution Technology,Technoscience Publications,India,Technology,32,28,Yes,Anonymous peer review
ICT Express,Elsevier,Netherlands,Technology,32,28,Yes,Anonymous peer review
Climate Resilience and Sustainability,Wiley,United Kingdom,Science,32,30,Yes,Anonymous peer review
IEEE Transactions on Machine Learning in Communications and Networking,IEEE,United States,Science,32,30,Yes,Anonymous peer review
International Breastfeeding Journal,BMC,United Kingdom,Medicine,32,28,Yes,Anonymous peer review
BMC Ecology and Evolution,BMC,United Kingdom,Science,32,30,Yes,Anonymous peer review
Humanities & Social Sciences Communications,Springer Nature,United Kingdom,General Works,32,30.200000000000045,Yes,Double anonymous peer review
Journal of NeuroEngineering and Rehabilitation,BMC,United Kingdom,Medicine,32,28,Yes,Anonymous peer review
Annals of Rheumatology and Autoimmunity,Wolters Kluwer Medknow Publications,India,Medicine,32,28,No,Double anonymous peer review
Journal of Medicinal Plants for Economic Development,AOSIS,South Africa,Science,32,30,Yes,Double anonymous peer review
The EMBO Journal,Springer Nature,United Kingdom,Science,32,30,Yes,Double anonymous peer review
Nexus,Instituto Federal do Amazonas (IFAM),Brazil,Education,32,30,No,Double anonymous peer review
Revista Brasileira de Políticas Públicas e Internacionais,Universidade Federal da Paraíba,Brazil,Political science,32,32,No,Double anonymous peer review
Egyptian Journal of Neurosurgery,SpringerOpen,United Kingdom,Medicine,32,28,No,Anonymous peer review
Journal of Computational Mathematics and Data Science,Elsevier,Netherlands,Science,32,30,Yes,Anonymous peer review
پژوهشهای علوم دامی ایران,Ferdowsi University of Mashhad,"Iran, Islamic Republic of",Agriculture,32,28.600000000000023,Yes,Double anonymous peer review
Człowiek i Społeczeństwo,Adam Mickiewicz University in Poznań,Poland,Social Sciences,32,32,No,Double anonymous peer review
Revista Gestão e Organizações,Instituto Federal da Paraíba (IFPB),Brazil,Social Sciences,32,32,No,Double anonymous peer review
Revista Brasileira de Ciência do Solo,Sociedade Brasileira de Ciência do Solo,Brazil,Agriculture,32,28.600000000000023,Yes,Double anonymous peer review
Indian Heart Journal,Elsevier,Netherlands,Medicine,32,28,No,Double anonymous peer review
Nuclear Engineering and Technology,Elsevier,Netherlands,Technology,32,28,No,Anonymous peer review
Acta Universitaria,Universidad de Guanajuato,Mexico,Science,32,30,No,Double anonymous peer review
Journal of Ginseng Research,Elsevier,Netherlands,Science,32,30,No,Double anonymous peer review
Project Leadership and Society,Elsevier,United Kingdom,Social Sciences,32,32,Yes,Double anonymous peer review
Dalhousie Law Journal,Schulich School of Law,Canada,Law,32,25,No,Double anonymous peer review
Manuscrito,"UNICAMP - Universidade Estadual de Campinas, Centro de Lógica, Epistemologia e História da Ciência",Brazil,Philosophy. Psychology. Religion,32,30,No,Anonymous peer review
Makara Journal of Science,Universitas Indonesia,Indonesia,Science,32,30,Yes,Double anonymous peer review
Revue Africaine de Management,Université Ibn Zohr Agadir-MAROC,Morocco,Social Sciences,32,32,No,Double anonymous peer review
Refuge,York University Libraries,Canada,Social Sciences,32,32,No,Double anonymous peer review
Formation et Profession,Centre de recherche sur la formation et la profession enseignante,Canada,Education,32,30,No,Double anonymous peer review
Revista Árvore,Sociedade de Investigações Florestais,Brazil,Agriculture,32,28.600000000000023,Yes,Double anonymous peer review
SDÜ Vizyoner Dergisi,Süleyman Demirel Üniversitesi,Türkiye,Social Sciences,32,32,No,Double anonymous peer review
Coleção Meira Mattos,Escola de Comando e Estado-Maior do Exército,Brazil,Military Science,32,22.400000000000006,No,Double anonymous peer review
Nordic Journal of Working Life Studies,Aalborg University,Denmark,Social Sciences,32,32,Yes,Double anonymous peer review
پژوهشنامه علم سنجی,Shahed University,"Iran, Islamic Republic of",Science,31,30,No,Double anonymous peer review
Aula Abierta,Universidad de Oviedo,Spain,Education,31,30,No,Double anonymous peer review
Sodobni Vojaški Izzivi,General Staff of the Slovenian Armed Forces,Slovenia,Military Science,31,22.400000000000006,No,Double anonymous peer review
Annals of Cardiac Anaesthesia,Wolters Kluwer Medknow Publications,India,Medicine,31,28,No,Anonymous peer review
Indian Journal of Dermatology,Wolters Kluwer Medknow Publications,India,Medicine,31,28,No,Anonymous peer review
Medical Journal of Dr. D.Y. Patil University,Wolters Kluwer Medknow Publications,India,Medicine,31,28,No,Double anonymous peer review
Anais Brasileiros de Dermatologia,Sociedade Brasileira de Dermatologia,Brazil,Medicine,31,28,No,Double anonymous peer review
Cardiorenal Medicine,Karger Publishers,Switzerland,Medicine,31,28,Yes,Anonymous peer review
Revista Portuguesa de Medicina Geral e Familiar,Associação Portuguesa de Medicina Geral e Familiar,Portugal,Medicine,31,28,No,Double anonymous peer review
Plant Production Science,Taylor & Francis Group,United Kingdom,Agriculture,31,28.600000000000023,Yes,Double anonymous peer review
African Journal of Paediatric Surgery,Wolters Kluwer Medknow Publications,India,Medicine,31,28,Yes,Double anonymous peer review
Physical Review Special Topics. Physics Education Research,American Physical Society,United States,Education,31,30,Yes,Anonymous peer review
"Atti della Accademia Peloritana dei Pericolanti : Classe di Scienze Fisiche, Matematiche e Naturali",Accademia Peloritana dei Pericolanti,Italy,Science,31,30,No,Peer review
Journal of Limb Lengthening & Reconstruction,Wolters Kluwer Medknow Publications,India,Medicine,31,28,Yes,Double anonymous peer review
The Journal of Association of Chest Physicians,Wolters Kluwer Medknow Publications,India,Medicine,31,28,No,Double anonymous peer review
EMBO Reports,Springer Nature,United Kingdom,Science,31,30,Yes,Double anonymous peer review
"IET Microwaves, Antennas & Propagation",Wiley,United Kingdom,Technology,31,28,Yes,Anonymous peer review
Chronicle of Diabetes Research and Practice,Wolters Kluwer Medknow Publications,India,Medicine,31,28,No,Double anonymous peer review
Floresta e Ambiente,Universidade Federal Rural do Rio de Janeiro,Brazil,Agriculture,31,28.600000000000023,No,Peer review
Scandinavian Journal of Primary Health Care,Taylor & Francis Group,United Kingdom,Medicine,31,28,Yes,Double anonymous peer review
Oman Journal of Ophthalmology,Wolters Kluwer Medknow Publications,India,Medicine,31,28,No,Anonymous peer review
Agriculture Communications,Elsevier,Netherlands,Agriculture,31,28.600000000000023,Yes,Anonymous peer review
Climate Services,Elsevier,Netherlands,Science,31,30,Yes,Anonymous peer review
IET Computers & Digital Techniques,Wiley,United Kingdom,Technology,31,28,Yes,Anonymous peer review
Heliyon,Elsevier,United Kingdom,Science,31,30,Yes,Anonymous peer review
International Psychogeriatrics,Elsevier,United States,Medicine,31,28,Yes,Anonymous peer review
Renewable and Sustainable Energy Transition,Elsevier,United Kingdom,Technology,31,28,Yes,Anonymous peer review
Drone Systems and Applications,Canadian Science Publishing,Canada,Technology,31,28,Yes,Anonymous peer review
Indian Journal of Dermatopathology and Diagnostic Dermatology,Wolters Kluwer Medknow Publications,India,Medicine,31,28,No,Double anonymous peer review
Historia y Memoria de la Educación,Universidad Nacional de Educación a Distancia (UNED),Spain,Education,31,30,No,Double anonymous peer review
Chinese Medicine,BMC,United Kingdom,Medicine,31,28,Yes,Anonymous peer review
Journal of Orthopaedic Surgery and Research,BMC,United Kingdom,Medicine,31,28,Yes,Anonymous peer review
European Medical Journal Innovations,European Medical Journal,United Kingdom,Medicine,31,28,No,Double anonymous peer review
"Health Economics, Policy and Law",Cambridge University Press,United Kingdom,Medicine,31,28,Yes,Double anonymous peer review
Egyptian Journal of Remote Sensing and Space Sciences,Elsevier,Netherlands,Science,31,30,Yes,Double anonymous peer review
Sustainable Transport and Livability,Taylor & Francis Group,United Kingdom,Law,31,25,Yes,Double anonymous peer review
Plant Phenome Journal,Wiley,United States,Agriculture,31,28.600000000000023,Yes,Anonymous peer review
Results in Materials,Elsevier,Netherlands,Technology,31,28,Yes,Anonymous peer review
Computers & Education: X Reality,Elsevier,United Kingdom,Education,31,30,Yes,Double anonymous peer review
Plant Communications,Elsevier,United States,Science,31,30,Yes,Anonymous peer review
VideoGIE,Elsevier,United States,Medicine,31,28,Yes,Anonymous peer review
WOW Stories,Worlds of Words: Center of Global Literacies and Literatures,United States,Education,31,30,No,Anonymous peer review
Physical Therapy Research,Japanese Society of Physical Therapy,Japan,Science,31,30,Yes,Double anonymous peer review
HIMALAYA,University of Edinburgh,United Kingdom,Philosophy. Psychology. Religion,31,30,No,Double anonymous peer review
Europe's Journal of Psychology,PsychOpen GOLD/ Leibniz Institute for Psychology,Germany,Philosophy. Psychology. Religion,31,30,No,Double anonymous peer review
Indian Journal of Ophthalmology. Case Reports,Wolters Kluwer Medknow Publications,India,Medicine,31,28,No,Double anonymous peer review
Swiss Psychology Open,Ubiquity Press,United Kingdom,Philosophy. Psychology. Religion,31,30,Yes,Double anonymous peer review
Zeitschrift für Didaktik der Biologie - Biologie Lehren und Lernen,Bielefeld University,Germany,Education,31,30,No,Double anonymous peer review
International Journal of Group Theory,University of Isfahan,"Iran, Islamic Republic of",Science,30,30,No,Peer review
Transactions on Combinatorics,University of Isfahan,"Iran, Islamic Republic of",Science,30,30,No,Peer review
Tímarit um Uppeldi og Menntun,University of Iceland,Iceland,Education,30,30,No,Double anonymous peer review
ITB Journal of Information and Communication Technology,ITB Journal Publisher,Indonesia,Technology,30,28,Yes,Anonymous peer review
The African Journal of Information Systems,Kennesaw State University,United States,Technology,30,28,No,Double anonymous peer review
Argumentos,Universidade Federal do Ceará,Brazil,Philosophy. Psychology. Religion,30,30,No,Anonymous peer review
قرآن فرهنگ و تمدن,University of Quranic Studies and Sciences,"Iran, Islamic Republic of",Philosophy. Psychology. Religion,30,30,Yes,Double anonymous peer review
Smart Energy and Sustainable Environment,National Research and Development Institute for Cryogenic and Isotopic Technologies – ICSI Rm. Valcea,Romania,Technology,30,28,No,Double anonymous peer review
Jin'gangshi yu moliao moju gongcheng,"Zhengzhou Research Institute for Abrasives & Grinding Co., Ltd.",China,Technology,30,28,Yes,Double anonymous peer review
Iheringia: Série Botânica,Fundação Zoobotânica do Rio Grande do Sul,Brazil,Science,30,30,No,Anonymous peer review
Civitas et Lex,The publishing house of the University of Warmia and Mazury in Olsztyn,Poland,Law,30,25,No,Double anonymous peer review
Indian Journal of Experimental Biology,CSIR-NIScPR,India,Science,30,30,No,Double anonymous peer review
Journal of Orthopaedic Case Reports,Indian Orthopaedic Research Group,India,Medicine,30,28,Yes,Double anonymous peer review
Digital Communications and Networks,"KeAi Communications Co., Ltd.",China,Technology,30,28,No,Anonymous peer review
Annals of Rehabilitation Medicine,Korean Academy of Rehabilitation Medicine,"Korea, Republic of",Medicine,30,28,Yes,Peer review
Erbil Journal of Nursing and Midwifery,Hawler Medical University,Iraq,Medicine,30,28,Yes,Double anonymous peer review
Surveys in Mathematics and its Applications,University Constantin Brancusi of Targu-Jiu,Romania,Science,30,30,No,Anonymous peer review
Baltic Journal of Economics,Taylor & Francis Group,United Kingdom,Law,30,25,Yes,Double anonymous peer review
Philippine Journal of Ophthalmology,Philippine Academy of Ophthalmology,Philippines,Medicine,30,28,No,Anonymous peer review
Nantong Daxue xuebao. Ziran kexue ban,Editorial Department of Journal of Nantong University (Natural Science Edition),China,Technology,30,28,No,Double anonymous peer review
Revista de Derecho Político,Universidad Nacional de Educación a Distancia,Spain,Law,30,25,No,Double anonymous peer review
Estado & Comunes,Instituto de Altos Estudios Nacionales,Ecuador,Law,30,25,No,Double anonymous peer review
Psicoespacios,Institución Universitaria de Envigado,Colombia,Philosophy. Psychology. Religion,30,30,No,Double anonymous peer review
Historia Agraria,Universidad de Murcia,Spain,Agriculture,30,28.600000000000023,No,Double anonymous peer review
Comparative Philosophy,Center for Comparative Philosophy & University Library at San Jose State University,United States,Philosophy. Psychology. Religion,30,30,No,Anonymous peer review
Kidney & Blood Pressure Research,Karger Publishers,Switzerland,Medicine,30,28,Yes,Anonymous peer review
"Geology, Ecology, and Landscapes",Taylor & Francis Group,United Kingdom,Science,30,30,Yes,Double anonymous peer review
IAFOR Journal of Literature & Librarianship,The International Academic Forum,Japan,Bibliography. Library science. Information resources,30,30,No,Anonymous peer review
Nexo,Universidad Nacional de Ingeniería,Nicaragua,Technology,30,28,No,Double anonymous peer review
Revista Eletrônica Teccen,Universidade de Vassouras,Brazil,Science,30,30,Yes,Double anonymous peer review
Contrapontos,Universidade do Vale do Itajaí,Brazil,Education,30,30,No,Anonymous peer review
Canadian Journal for New Scholars in Education,Canadian Society for Studies in Education,Canada,Education,30,30,No,Peer review
Urología Colombiana,Sociedad Colombiana de Urología,Colombia,Medicine,30,28,No,Double anonymous peer review
Wrocławski Przegląd Teologiczny,Papieski Wydział Teologiczny we Wrocławiu,Poland,Philosophy. Psychology. Religion,30,30,No,Double anonymous peer review
Journal of Transport and Land Use,University of Minnesota Libraries Publishing,United States,Technology,30,28,Yes,Double anonymous peer review
Revista Interuniversitaria de Formación del Profesorado,Universidad de Murcia,Spain,Education,30,30,No,Double anonymous peer review
Gajah,International Union for Conservation of Nature (IUCN),Switzerland,Science,30,30,No,Peer review
Gdańskie Studia Prawnicze,Gdańsk University Press,Poland,Law,30,25,No,Double anonymous peer review
Educación y Educadores,Universidad de La Sabana,Colombia,Education,30,30,No,Double anonymous peer review
Yuanzineng kexue jishu,Editorial Board of Atomic Energy Science and Technology,China,Technology,30,28,Yes,Anonymous peer review
Zhongguo niangzao,Editorial Department of China Brewing,China,Technology,30,28,Yes,Anonymous peer review
"Journal of Postgraduate Medicine, Education and Research",Jaypee Brothers Medical Publisher,India,Medicine,30,28,No,Double anonymous peer review
Advances in Group Theory and Applications,Aracne,Italy,Science,30,30,No,Peer review
Journal of Geodesy and Geoinformation Science,Surveying and Mapping Press,China,Science,30,30,No,Double anonymous peer review
"Technology, Mind, and Behavior",American Psychological Association,United States,Technology,30,28,Yes,Peer review
Revista Científica de Ingeniería Industrial,"Universidad Tecnológica de La Habana José Antonio Echeverría, Cujae",Cuba,Technology,30,28,No,Double anonymous peer review
Online Learning,Online Learning Consortium,United States,Education,30,30,No,Double anonymous peer review
Bangladesh Journal of Plant Taxonomy,Bangladesh Association of Plant Taxonomists,Bangladesh,Science,30,30,Yes,Double anonymous peer review
Tropicultura,Presses Agronomiques de Gembloux,Belgium,Agriculture,30,28.600000000000023,No,Double anonymous peer review
Liječnički vjesnik,Hrvatski liječnički zbor,Croatia,Medicine,30,28,No,Double anonymous peer review
Agro@mbiente On-line,Universidade Federal de Roraima,Brazil,Agriculture,30,28.600000000000023,Yes,Double anonymous peer review
Revista de Educação PUC-Campinas,Pontifícia Universidade Católica de Campinas,Brazil,Education,30,30,No,Double anonymous peer review
Polish Yearbook of International Law,Institute of Law Studies of the Polish Academy of Sciences,Poland,Law,30,25,No,Double anonymous peer review
International Journal of Interactive Multimedia and Artificial Intelligence,Universidad Internacional de La Rioja (UNIR),Spain,Technology,30,28,No,Anonymous peer review
Revista EIA,Universidad EIA,Colombia,Technology,30,28,No,Double anonymous peer review
Biotropia: The Southeast Asian Journal of Tropical Biology,"SEAMEO, BIOTROP",Indonesia,Science,30,30,No,Double anonymous peer review
مهندسی عمران شریف,Sharif University of Technology,"Iran, Islamic Republic of",Technology,30,28,No,Anonymous peer review
Zhongguo shiyan zhenduanxue,Editorial Office of Chinese Journal of Laboratory Diagnosis,China,Medicine,30,28,Yes,Double anonymous peer review
Scripta Instituti Donneriani Aboensis,Donner Institute,Finland,Philosophy. Psychology. Religion,30,30,No,Double anonymous peer review
Journal of Applied Biomedicine,"University of South Bohemia in Ceske Budejovice, Faculty of Health and Social Sciences",Czechia,Medicine,30,28,Yes,Double anonymous peer review
KULA,University of Victoria Libraries,Canada,Bibliography. Library science. Information resources,30,30,No,Double anonymous peer review
Advances in Combinatorics,Alliance of Diamond Open Access Journals,United Kingdom,Science,30,30,No,Anonymous peer review
Norwegian Journal of Geology,Geological Society of Norway,Norway,Science,30,30,No,Anonymous peer review
Studia Prymasowskie,Wydawnictwo Naukowe Uniwersytetu Kardynała Stefana Wyszyńskiego w Warszawie,Poland,Philosophy. Psychology. Religion,30,30,No,Double anonymous peer review
Cadernos do CEOM,Centro de Memória do Oeste de Santa Catarina,Brazil,Education,30,30,No,Double anonymous peer review
Philosophia Scientiæ,Éditions Kimé,France,Philosophy. Psychology. Religion,30,30,No,Double anonymous peer review
Indonesian Journal of Advocacy and Legal Services,Universitas Negeri Semarang,Indonesia,Law,30,25,Yes,Double anonymous peer review
Journal of Plant Protection Research,Polish Academy of Sciences,Poland,Agriculture,30,28.600000000000023,No,Double anonymous peer review
Computational and Mathematical Biophysics,De Gruyter,Poland,Technology,30,28,Yes,Double anonymous peer review
Eurosurveillance,European Centre for Disease Prevention and Control,Sweden,Medicine,30,28,No,Double anonymous peer review
Indian Journal of Community and Family Medicine,Wolters Kluwer Medknow Publications,India,Medicine,30,28,No,Double anonymous peer review
The European Zoological Journal,Taylor & Francis Group,United Kingdom,Science,30,30,Yes,Double anonymous peer review
Revista de Metalurgia,Consejo Superior de Investigaciones Científicas,Spain,Technology,30,28,No,Double anonymous peer review
Phenomenology & Practice,University of Alberta,Canada,Philosophy. Psychology. Religion,30,30,No,Peer review
Enterprise Modelling and Information Systems Architectures,German Informatics Society,Germany,Technology,30,28,No,Double anonymous peer review
Revista Universitas Medica,Pontificia Universidad Javeriana,Colombia,Medicine,30,28,No,Double anonymous peer review
JGZ,Nederlands Centrum Jeugdgezondheid,Netherlands,Medicine,30,28,No,Double anonymous peer review
Jurnal Manajemen & Agribisnis,Bogor Agricultural University,Indonesia,Agriculture,30,28.600000000000023,Yes,Double anonymous peer review
Ingeniare: Revista Chilena de Ingeniería,Universidad de Tarapacá,Chile,Technology,30,28,No,Anonymous peer review
Arquivos de Ciências da Saúde da UNIPAR,Universidade Paranaense (UNIPAR),Brazil,Medicine,30,28,Yes,Double anonymous peer review
Psychiatry and Clinical Psychopharmacology,Mesut Çetin,Türkiye,Medicine,30,28,Yes,Double anonymous peer review
Gynecology Obstetrics & Reproductive Medicine,Medical Network,Türkiye,Medicine,30,28,No,Double anonymous peer review
Mehran University Research Journal of Engineering and Technology,Mehran University of Engineering and Technology,Pakistan,Technology,30,28,Yes,Double anonymous peer review
Applied Computer Systems,Sciendo,Poland,Science,30,30,No,Double anonymous peer review
Journal of Research Initiatives,Digital Commons/Bepress,United States,Education,30,30,No,Anonymous peer review
Journal of Medicinal Plants,"Institue of Medicinal Plants, ACECR","Iran, Islamic Republic of",Medicine,30,28,No,Double anonymous peer review
Law: Journal of the University of Latvia,University of Latvia Press,Latvia,Law,30,25,No,Double anonymous peer review
Pedagogía Social: Revista Interuniversitaria,Sociedad Iberoamericana de Pedagogía Social,Spain,Education,30,30,No,Double anonymous peer review
Revista Brasileira de Pesquisa em Educação em Ciências,Associação Brasileira de Pesquisa em Educação em Ciências (ABRAPEC),Brazil,Education,30,30,No,Double anonymous peer review
Cerne,FEDERAL UNIVERSITY OF LAVRAS,Brazil,Agriculture,30,28.600000000000023,No,Double anonymous peer review
Hemijska Industrija,Association of Chemical Engineers of Serbia,Serbia,Technology,30,28,Yes,Peer review
Psycause,Université Laval,Canada,Philosophy. Psychology. Religion,30,30,No,Double anonymous peer review
Imagining SoTL,Mount Royal University,Canada,Education,30,30,No,Double anonymous peer review
Biotemas,Universidade Federal de Santa Catarina,Brazil,Science,30,30,Yes,Double anonymous peer review
فصلنامه روان‌شناسی کاربردی,Shahid Beheshti University,"Iran, Islamic Republic of",Philosophy. Psychology. Religion,30,30,Yes,Double anonymous peer review
Perspectivas,Corporación Universitaria Minuto de Dios - UNIMINUTO,Colombia,Education,30,30,No,Double anonymous peer review
Gut and Liver,Gastroenterology Council for Gut and Liver,"Korea, Republic of",Medicine,30,28,Yes,Anonymous peer review
Nuevo Derecho,Institución Universitaria de Envigado,Colombia,Law,30,25,No,Double anonymous peer review
مجله دانشگاه علوم پزشکی سبزوار,Sabzevar University of Medical Sciences,"Iran, Islamic Republic of",Medicine,30,28,No,Double anonymous peer review
Torkwase Journal of Agricultural Research,"Verlumun and Penda Publishers, LLP",Nigeria,Agriculture,30,28.600000000000023,Yes,Double anonymous peer review
مسائل کاربردی تعلیم و تربیت اسلامی,a publication of the academy of scientific studies in education,"Iran, Islamic Republic of",Education,30,30,No,Double anonymous peer review
El Cardo,Universidad Nacional de Entre Ríos,Argentina,Education,30,30,No,Double anonymous peer review
Iranian Journal of Chemistry & Chemical Engineering,Iranian Institute of Research and Development in Chemical Industries (IRDCI)-ACECR,"Iran, Islamic Republic of",Technology,30,28,Yes,Double anonymous peer review
The Evolving Scholar,TU Delft OPEN Publishing,Netherlands,Technology,30,28,No,Open peer review
World Journal of Acupuncture - Moxibustion,"KeAi Communications Co., Ltd.",China,Medicine,30,28,Yes,Double anonymous peer review
Magazine of Civil Engineering,Peter the Great St. Petersburg Polytechnic University,Russian Federation,Technology,30,28,No,Anonymous peer review
Eesti Haridusteaduste Ajakiri,University of Tartu Press,Estonia,Education,30,30,No,Anonymous peer review
Correo Científico Médico,Universidad de Ciencias Médicas de Holguín,Cuba,Medicine,30,28,No,Double anonymous peer review
Logistics & Sustainable Transport,Sciendo,Poland,Technology,30,28,No,Double anonymous peer review
Kongjian kexue xuebao,Science Press,China,Science,30,30,Yes,Anonymous peer review
Svensk Exegetisk Årsbok,Svenska exegetiska sällskapet (Swedish Exegetical Society),Sweden,Philosophy. Psychology. Religion,30,30,No,Double anonymous peer review
Pakistan Armed Forces Medical Journal,Army Medical College Rawalpindi,Pakistan,Medicine,30,28,Yes,Double anonymous peer review
Optometric Education,Association of Schools and Colleges of Optometry,United States,Education,30,30,No,Double anonymous peer review
Journal on Empowering Teaching Excellence,Utah State University,United States,Education,30,30,No,Anonymous peer review
Techne Series: Research in Sloyd Education and Craft Science A,Nordiskt Forum för Forskning och Utvecklingsarbete inom Utbildning i Slöjd (NordFo),Norway,Education,30,30,No,Double anonymous peer review
Knygotyra,Vilnius University Press,Lithuania,Bibliography. Library science. Information resources,30,30,No,Double anonymous peer review
Iranian Journal of Veterinary Surgery,Iranian Veterinary Surgery Association (IVSA),"Iran, Islamic Republic of",Agriculture,30,28.600000000000023,Yes,Double anonymous peer review
Advances in Geosciences,Copernicus Publications,Germany,Science,30,30,Yes,Open peer review
CT Lilun yu yingyong yanjiu,Editorial Office of Computerized Tomography Theory and Application,China,Science,30,30,Yes,Anonymous peer review
WE_OS-Jahrbuch,Wissenschaftliche Einrichtung Oberstufen-Kolleg der Universität Bielefeld,Germany,Education,30,30,No,Editorial review
Neumología Pediátrica,Editorial Iku Ltda,Chile,Medicine,30,28,No,Open peer review
Journal of the Arkansas Academy of Science,Arkansas Academy of Science,United States,Science,30,30,Yes,Peer review
Diyala Journal of Medicine,College of medicine/ University of Diyala,Iraq,Medicine,30,28,Yes,Double anonymous peer review
Geologia USP. Série Científica,Universidade de São Paulo,Brazil,Science,30,30,No,Anonymous peer review
Journal of Qualitative Research in Health Sciences,Kerman University of Medical Sciences,"Iran, Islamic Republic of",Medicine,30,28,No,Double anonymous peer review
Muhandisī-i manābi̒-i ma̒danī,Imam Khomeini International University,"Iran, Islamic Republic of",Science,30,30,No,Double anonymous peer review
Journal of Unschooling and Alternative Learning,Nipissing University,Canada,Education,30,30,No,Double anonymous peer review
Hydrologie und Wasserbewirtschaftung,Bundesanstalt für Gewässerkunde,Germany,Science,30,30,No,Anonymous peer review
Acta Carsologica,Slovenian Academy of Sciences and Arts,Slovenia,Science,30,30,No,Anonymous peer review
Pedagogische Studiën,Vereniging voor Onderwijs Research (VOR),Netherlands,Education,30,30,No,Double anonymous peer review
Acta Clinica Croatica,"Sestre Milosrdnice University hospital, Institute of Clinical Medical Research",Croatia,Medicine,30,28,No,Peer review
Acta Futura,"European Space Agency, Advanced Concepts Team",Netherlands,Technology,30,28,No,Anonymous peer review
Zuowu xuebao,"Science Press, PR China",China,Agriculture,30,28.600000000000023,Yes,Anonymous peer review
Journal of Mental Health and Human Behaviour,Wolters Kluwer Medknow Publications,India,Medicine,30,28,No,Double anonymous peer review
Annales Mathématiques Blaise Pascal,Université Clermont Auvergne,France,Science,30,30,No,Anonymous peer review
Die Materialwerkstatt,Wissenschaftliche Einrichtung Oberstufen-Kolleg der Universität Bielefeld,Germany,Education,30,30,No,Editorial review
Latin American Journal of Content and Language Integrated Learning,Universidad de La Sabana,Colombia,Education,30,30,No,Anonymous peer review
Annals of the West University of Timisoara: Mathematics and Computer Science,Sciendo,Poland,Science,30,30,No,Anonymous peer review
Revista Chilena de Pedagogía,Universidad de Chile,Chile,Education,30,30,No,Double anonymous peer review
AUTEX Research Journal,De Gruyter,Poland,Technology,30,28,Yes,Anonymous peer review
Visual Intelligence,Springer,Singapore,Science,30,30,No,Anonymous peer review
"Confero: Essays on Education, Philosophy and Politics",Linköping University Electronic Press,Sweden,Education,30,30,No,Double anonymous peer review
GW-Unterricht,Universität Wien,Austria,Education,30,30,Yes,Double anonymous peer review
Leibniz Transactions on Embedded Systems,Schloss Dagstuhl -- Leibniz-Zentrum fuer Informatik,Germany,Technology,30,28,Yes,Anonymous peer review
Disputatio,Sciendo,Poland,Philosophy. Psychology. Religion,30,30,No,Double anonymous peer review
Upsala Journal of Medical Sciences,Upsala Medical Society,Sweden,Medicine,30,28,Yes,Anonymous peer review
Sibbaldia,Royal Botanic Garden Edinburgh,United Kingdom,Science,30,30,No,Peer review
Study and Scrutiny,University of Oklahoma Libraries,United States,Education,30,30,No,Double anonymous peer review
Hong Kong Journal of Occupational Therapy,SAGE Publishing,United Kingdom,Medicine,30,28,No,Double anonymous peer review
Ambiente Construído,Associação Nacional de Tecnologia do Ambiente Construído,Brazil,Technology,30,28,Yes,Double anonymous peer review
Díkaion,Universidad de La Sabana,Colombia,Law,30,25,No,Anonymous peer review
Zuanjingye yu wanjingye,Editorial Office of Drilling Fluid and Completion Fluid,China,Technology,30,28,Yes,Double anonymous peer review
Economia Agro-Alimentare,FrancoAngeli,Italy,Agriculture,30,28.600000000000023,Yes,Double anonymous peer review
Swiss Journal of Geosciences,Pensoft Publishers,Bulgaria,Science,30,30,Yes,Anonymous peer review
Psychological Topics,University of Rijeka,Croatia,Philosophy. Psychology. Religion,30,30,No,Double anonymous peer review
Fishery Bulletin,National Marine Fisheries Service,United States,Agriculture,30,28.600000000000023,No,Double anonymous peer review
MedienPädagogik: Zeitschrift für Theorie und Praxis der Medienbildung,MedienPädagogik,Switzerland,Education,30,30,No,Double anonymous peer review
Engineering and Technology Journal,Unviversity of Technology- Iraq,Iraq,Science,30,30,Yes,Double anonymous peer review
Transactions on Graph Data and Knowledge,Schloss Dagstuhl -- Leibniz-Zentrum fuer Informatik,Germany,Science,30,30,No,Peer review
Journal of Nuclear Research and Applications,Nuclear Science and Technology Research Institute (NSTRI),"Iran, Islamic Republic of",Science,30,30,No,Double anonymous peer review
Revista do Instituto GeoGebra Internacional de São Paulo,Pontifícia Universidade Católica de São Paulo,Brazil,Education,30,30,No,Double anonymous peer review
The Journal of Pediatrics: X,Elsevier,United States,Medicine,30,28,Yes,Anonymous peer review
Turkish Journal of Agricultural Engineering Research,Ebubekir Altuntaş,Türkiye,Agriculture,30,28.600000000000023,No,Double anonymous peer review
علوم و مهندسی آب و فاضلاب,Iran Water and Wastewater Association,"Iran, Islamic Republic of",Technology,30,28,Yes,Double anonymous peer review
تحقیقات گیاهان دارویی و معطر ایران,Research Institute of Forests and Rangelands,"Iran, Islamic Republic of",Agriculture,30,28.600000000000023,Yes,Double anonymous peer review
Journal of Ophthalmic & Vision Research,Knowledge E,United Arab Emirates,Medicine,30,28,Yes,Double anonymous peer review
Journal of Medical Education Research,University of Buckingham Press,United Kingdom,Education,30,30,No,Anonymous peer review
International Journal of Sustainable Energy Planning and Management,Aalborg University Open Publishing,Denmark,Technology,30,28,No,Anonymous peer review
PraxisForschungLehrer*innenBildung,Wissenschaftliche Einrichtung Oberstufen-Kolleg der Universität Bielefeld,Germany,Education,30,30,No,Editorial review
European Journal of Transport and Infrastructure Research,TU Delft OPEN Publishing,Netherlands,Technology,30,28,No,Double anonymous peer review
Urology Annals,Wolters Kluwer Medknow Publications,India,Medicine,30,28,Yes,Double anonymous peer review
Open Engineering,De Gruyter,Poland,Technology,30,28,Yes,Anonymous peer review
Religie & Samenleving,Radboud University Press in cooperation with Open Journals,Netherlands,Philosophy. Psychology. Religion,30,30,No,Peer review
Shuitu baochi yanjiu,Editorial Department of Research of Soil and Water Conservation,China,Agriculture,30,28.600000000000023,Yes,Anonymous peer review
Revista do Instituto Florestal,Instituto Florestal,Brazil,Agriculture,30,28.600000000000023,No,Peer review
Journal of Aging Research,Wiley,United Kingdom,Medicine,30,28,Yes,Anonymous peer review
African Vision and Eye Health,AOSIS,South Africa,Medicine,30,28,Yes,Double anonymous peer review
Education Inquiry,Taylor & Francis Group,United Kingdom,Education,30,30,No,Double anonymous peer review
Faunistic Entomology,University of Liege,Belgium,Science,30,30,No,Anonymous peer review
Informacinės Technologijos ir Valdymas,"Technologija, Kaunas University of Technology",Lithuania,Technology,30,28,Yes,Anonymous peer review
Revista CML,Associação de Criminalística do Estado de Minas Gerais – ACEMG,Brazil,Law,30,25,No,Anonymous peer review
فصلنامه علوم و فناوری فضایی,Aerospace Research Institute,"Iran, Islamic Republic of",Technology,30,28,No,Double anonymous peer review
Comptes Rendus. Mathématique,Académie des sciences,France,Science,30,30,No,Anonymous peer review
BDJ Open,Nature Publishing Group,United Kingdom,Medicine,30,28,Yes,Anonymous peer review
BMC Nursing,BMC,United Kingdom,Medicine,30,28,Yes,Open peer review
Acta Montanistica Slovaca,Technical University of Kosice,Slovakia,Technology,30,28,No,Double anonymous peer review
Computer Science and Information Systems,ComSIS Consortium,Serbia,Science,30,30,Yes,Double anonymous peer review
Российский психологический журнал,"ООО ""КРЕДО""",Russian Federation,Philosophy. Psychology. Religion,30,30,Yes,Double anonymous peer review
Journal of MultiDisciplinary Evaluation,The Evaluation Center at Western Michigan University,United States,Education,30,30,No,Double anonymous peer review
Cadernos de História da Educação,Universidade Federal de Uberlândia,Brazil,Education,30,30,No,Double anonymous peer review
Revista Jurídica Trabalho e Desenvolvimento Humano,Procuradoria Regional do Trabalho da 15ª Região,Brazil,Law,30,25,No,Double anonymous peer review
SHILAP,Sociedad Hispano-Luso-Americana de Lepidopterología,Spain,Science,30,30,No,Double anonymous peer review
Temps d'Educació,Edicions UB,Spain,Education,30,30,No,Double anonymous peer review
PLOS Digital Health,Public Library of Science (PLoS),United States,Medicine,30,28,Yes,Anonymous peer review
Journal of the Mechanical Behavior of Materials,De Gruyter,Poland,Technology,30,28,Yes,Anonymous peer review
South African Journal of Child Health,South African Medical Association,South Africa,Medicine,30,28,Yes,Anonymous peer review
Tecnología y ciencias del agua,Instituto Mexicano de Tecnología del Agua,Mexico,Technology,30,28,No,Double anonymous peer review
Infection Prevention in Practice,Elsevier,United Kingdom,Medicine,30,28,Yes,Anonymous peer review
Libri,De Gruyter,Germany,Bibliography. Library science. Information resources,30,30,No,Double anonymous peer review
The Lancet. Healthy Longevity,Elsevier,United Kingdom,Medicine,30,28,Yes,Anonymous peer review
IEEE Open Journal of Systems Engineering,IEEE,United States,Technology,30,28,Yes,Anonymous peer review
Epigenetics Communications,BMC,United Kingdom,Science,30,30,Yes,Anonymous peer review
Journal of Biomedical Semantics,BMC,United Kingdom,Medicine,30,28,Yes,Anonymous peer review
Archives of Health Science and Research,İstanbul University-Cerrahpasa,Türkiye,Medicine,30,28,No,Double anonymous peer review
Revista Uningá,Editora Uningá,Brazil,Science,30,30,Yes,Double anonymous peer review
Forskning om Undervisning och Lärande,Lärarstiftelsen,Sweden,Education,30,30,No,Double anonymous peer review
Rocznik Teologiczny,Wydawnictwo Naukowe Chrześcijańskiej Akademii Teologicznej w Warszawie (Scientific Publishing House of the Christian Academy of Theology in Warsaw),Poland,Philosophy. Psychology. Religion,30,30,No,Double anonymous peer review
Sequência: Estudos Juridicos e Politicos,Universidade Federal de Santa Catarina,Brazil,Law,30,25,No,Double anonymous peer review
Revista Electrónica de AnestesiaR,AnestesiaR,Spain,Medicine,30,28,No,Double anonymous peer review
Advanced Modeling and Simulation in Engineering Sciences,SpringerOpen,United Kingdom,Technology,30,28,Yes,Anonymous peer review
Advances in Nonlinear Analysis,De Gruyter,Poland,Science,30,30,Yes,Anonymous peer review
Vojenské rozhledy,Ministry of Defence of the Czech Republic,Czechia,Military Science,30,22.400000000000006,No,Double anonymous peer review
Annals of Hepatology,Elsevier,Spain,Medicine,30,28,Yes,Double anonymous peer review
Judaica,Bern Open Publishing,Switzerland,Philosophy. Psychology. Religion,30,30,No,Double anonymous peer review
Освітній вимір,Kryvyi Rih State Pedagogical University,Ukraine,Education,30,30,No,Double anonymous peer review
PLOS Global Public Health,Public Library of Science (PLoS),United States,Medicine,30,28,Yes,Anonymous peer review
PLOS Climate,Public Library of Science (PLoS),United States,Science,30,30,Yes,Anonymous peer review
Nihon Kenko Kyoiku Gakkaishi,Japan Society for Health Education and Promotion,Japan,Medicine,30,28,No,Double anonymous peer review
Canadian Food Studies,University of Waterloo,Canada,Technology,30,28,No,Double anonymous peer review
BMJ Medicine,BMJ Publishing Group,United Kingdom,Medicine,30,28,Yes,Open peer review
F&S Reports,Elsevier,United States,Medicine,30,28,Yes,Anonymous peer review
Future Rare Diseases,Taylor & Francis Group,United Kingdom,Medicine,30,28,Yes,Double anonymous peer review
"Hematology, Transfusion and Cell Therapy",Elsevier,Spain,Medicine,30,28,No,Double anonymous peer review
Cadernos Nietzsche,Grupo de Estudos Nietzsche,Brazil,Philosophy. Psychology. Religion,30,30,No,Anonymous peer review
Southern African Journal of HIV Medicine,AOSIS,South Africa,Medicine,30,28,Yes,Double anonymous peer review
South African Journal of Physiotherapy,AOSIS,South Africa,Medicine,30,28,Yes,Double anonymous peer review
GMS Ophthalmology Cases,German Medical Science GMS Publishing House,Germany,Medicine,30,28,No,Anonymous peer review
Journal of Information Display,Taylor & Francis Group,United Kingdom,Technology,30,28,Yes,Double anonymous peer review
Sustainable Environment Research,BMC,United Kingdom,Technology,30,28,Yes,Anonymous peer review
Acta Universitatis Carolinae Theologica,Karolinum Press,Czechia,Philosophy. Psychology. Religion,30,30,No,Double anonymous peer review
Urban Informatics,Springer,Singapore,Science,30,30,No,Anonymous peer review
Western Pacific Surveillance and Response,World Health Organization Regional Office for the Western Pacific,Philippines,Medicine,30,28,No,Double anonymous peer review
IET Renewable Power Generation,Wiley,United Kingdom,Technology,30,28,Yes,Anonymous peer review
Aristotelica,Rosenberg & Sellier,Italy,Philosophy. Psychology. Religion,30,30,No,Double anonymous peer review
ImmunoMedicine,Wiley,United States,Medicine,30,28,Yes,Anonymous peer review
Flow,Cambridge University Press,United Kingdom,Science,30,30,Yes,Anonymous peer review
Journal of Sylva Indonesiana,Talenta Publisher,Indonesia,Agriculture,30,28.600000000000023,Yes,Double anonymous peer review
Revista Colombiana de Biotecnología,Universidad Nacional de Colombia,Colombia,Technology,30,28,No,Double anonymous peer review
Prajna Vihara,Guna Chakra Research Center,Thailand,Philosophy. Psychology. Religion,30,30,Yes,Double anonymous peer review
Clinical and Experimental Obstetrics & Gynecology,IMR Press,Singapore,Medicine,30,28,Yes,Double anonymous peer review
Computo,société française de statistique,France,Science,30,30,No,Open peer review
SSM - Health Systems,Elsevier,United Kingdom,Medicine,30,28,Yes,Double anonymous peer review
Neilreichia,Verein zur Erforschung der Flora Österreichs,Austria,Agriculture,30,28.600000000000023,No,Anonymous peer review
Právněhistorické studie,Karolinum Press,Czechia,Law,30,25,No,Anonymous peer review
Acta Universitatis Carolinae Philosophica et Historica,Karolinum Press,Czechia,Philosophy. Psychology. Religion,30,30,No,Double anonymous peer review
Єдине здоров'я та проблеми харчування України,"L.I. Medved's Research Center of Preventive Toxicology, Food and Chemical Safety, Ministry of Health, Ukraine",Ukraine,Medicine,30,28,No,Anonymous peer review
Al-Qadisiyah Journal for Engineering Science,University of Al-Qadisiyah,Iraq,Technology,30,28,Yes,Double anonymous peer review
KEDI Journal of Educational Policy,Korean Educational Development Institute,"Korea, Republic of",Education,30,30,No,Double anonymous peer review
Protokolle zur Bibel,ArgeAss,Austria,Philosophy. Psychology. Religion,30,30,No,Anonymous peer review
Sykepleien Forskning,Norwegian Nurses Organisation,Norway,Medicine,30,28,No,Open peer review
Krakowskie Studia z Historii Państwa i Prawa,Jagiellonian University,Poland,Law,30,25,No,Double anonymous peer review
Progress in Fishery Sciences,"Science Press, PR China",China,Agriculture,30,28.600000000000023,Yes,Double anonymous peer review
Dansk Universitetspaedagogisk Tidsskrift,Dansk Universitetspædagogisk Netværk,Denmark,Education,30,30,No,Anonymous peer review
International Journal of Digital Curation,University of Edinburgh,United Kingdom,Bibliography. Library science. Information resources,30,30,No,Double anonymous peer review
Journal of Hospital General Medicine,Japanese Society Hospital General Medicine,Japan,Medicine,30,28,Yes,Anonymous peer review
Dental Research Journal,Wolters Kluwer Medknow Publications,India,Medicine,30,28,Yes,Double anonymous peer review
"Journal of Orthopedics, Traumatology and Rehabilitation",Wolters Kluwer Medknow Publications,India,Medicine,30,28,No,Double anonymous peer review
PLOS Water,Public Library of Science (PLoS),United States,Technology,30,28,Yes,Anonymous peer review
Актуальні проблеми духовності,Kryvyi Rih State Pedagogical University,Ukraine,Philosophy. Psychology. Religion,30,30,No,Double anonymous peer review
Water Alternatives,Water Alternatives Association,France,Technology,30,28,No,Double anonymous peer review
Nihon Shouni Jinzoubyou Gakkai zasshi,The Japanese Society for Pediatric Nephrology,Japan,Medicine,29,28,No,Anonymous peer review
مهندسی زراعی,Shahid Chamran University of Ahvaz,"Iran, Islamic Republic of",Agriculture,29,28.600000000000023,Yes,Double anonymous peer review
Mechanical Sciences,Copernicus Publications,Germany,Technology,29,28,Yes,Peer review
Shanghai yufang yixue,Shanghai Preventive Medicine Association,China,Medicine,29,28,Yes,Double anonymous peer review
فناوری در مهندسی هوافضا,Aerospace Research Institute (ARI),"Iran, Islamic Republic of",Technology,29,28,No,Double anonymous peer review
Women and Children Nursing,"KeAi Communications Co., Ltd.",China,Medicine,29,28,Yes,Anonymous peer review
Indian Journal of Burns,Wolters Kluwer Medknow Publications,India,Medicine,29,28,No,Double anonymous peer review
Slovak Journal of Civil Engineering,Sciendo,Poland,Technology,29,28,No,Double anonymous peer review
eLife,eLife Sciences Publications Ltd,United Kingdom,Medicine,29,28,Yes,Anonymous peer review
Discover Sensors,Springer Nature,Singapore,Technology,29,28,No,Anonymous peer review
Journal of Financial Therapy,New Prairie Press,United States,Medicine,29,28,No,Anonymous peer review
Systems Science & Control Engineering,Taylor & Francis Group,United Kingdom,Technology,29,28,Yes,Anonymous peer review
Discover Robotics,Springer Nature,Singapore,Technology,29,28,No,Anonymous peer review
Preventive Medicine: Research & Reviews,Wolters Kluwer Medknow Publications,India,Medicine,29,28,Yes,Double anonymous peer review
Technology and Innovation,Taylor & Francis Group,United Kingdom,Technology,29,28,Yes,Anonymous peer review
Indian Journal of Public Health,Wolters Kluwer Medknow Publications,India,Medicine,29,28,Yes,Double anonymous peer review
GigaScience,Oxford University Press,United Kingdom,Medicine,29,28,Yes,Open peer review
Acta Oto-Laryngologica Case Reports,Taylor & Francis Group,United Kingdom,Medicine,29,28,Yes,Double anonymous peer review
Journal of Experimental Nanoscience,Taylor & Francis Group,United Kingdom,Technology,29,28,Yes,Anonymous peer review
Delta Journal of Ophthalmology,Wolters Kluwer Medknow Publications,India,Medicine,29,28,Yes,Double anonymous peer review
Annals of Thoracic Medicine,Wolters Kluwer Medknow Publications,India,Medicine,29,28,Yes,Double anonymous peer review
Journal of Obstetric Anaesthesia and Critical Care,Wolters Kluwer Medknow Publications,India,Medicine,29,28,No,Double anonymous peer review
Population Health Metrics,BMC,United Kingdom,Medicine,29,28,Yes,Open peer review
BMC Primary Care,BMC,United Kingdom,Medicine,29,28,Yes,Double anonymous peer review
Arthroscopy Techniques,Elsevier,United States,Medicine,29,28,Yes,Double anonymous peer review
IET Optoelectronics,Wiley,United Kingdom,Technology,29,28,Yes,Anonymous peer review
Obesity Science & Practice,Wiley,United States,Medicine,29,28,Yes,Anonymous peer review
PLoS ONE,Public Library of Science (PLoS),United States,Medicine,29,28,Yes,Anonymous peer review
IET Electrical Systems in Transportation,Wiley,United Kingdom,Technology,29,28,Yes,Anonymous peer review
IET Nanobiotechnology,Wiley,United Kingdom,Technology,29,28,Yes,Anonymous peer review
Research in Diagnostic and Interventional Imaging,Elsevier,France,Medicine,29,28,Yes,Double anonymous peer review
The Lancet Regional Health. Americas,Elsevier,United Kingdom,Medicine,29,28,Yes,Anonymous peer review
Case Reports in Nephrology and Dialysis,Karger Publishers,Switzerland,Medicine,29,28,Yes,Anonymous peer review
Cirugía del Uruguay,Sociedad de Cirugía del Uruguay,Uruguay,Medicine,29,28,No,Double anonymous peer review
Allergology International,Elsevier,Netherlands,Medicine,29,28,Yes,Anonymous peer review
Advances in Radiation Oncology,Elsevier,United States,Medicine,29,28,Yes,Double anonymous peer review
PLOS Mental Health,Public Library of Science (PLoS),United States,Medicine,29,28,Yes,Anonymous peer review
The South African Journal of Clinical Nutrition,Taylor & Francis Group,United Kingdom,Technology,29,28,Yes,Anonymous peer review
Brazilian Journal of Otorhinolaryngology,Elsevier,Netherlands,Medicine,29,28,Yes,Double anonymous peer review
Journal of Oral Research and Review,Wolters Kluwer Medknow Publications,India,Medicine,29,28,No,Double anonymous peer review
American Journal of Medicine Open,Elsevier,United States,Medicine,29,28,Yes,Anonymous peer review
Cleaner Logistics and Supply Chain,Elsevier,United Kingdom,Technology,29,28,Yes,Anonymous peer review
Immuno-Oncology and Technology,Elsevier,United Kingdom,Medicine,29,28,Yes,Anonymous peer review
BMC Emergency Medicine,BMC,United Kingdom,Medicine,29,28,Yes,Open peer review
IET Smart Grid,Wiley,United Kingdom,Technology,29,28,Yes,Anonymous peer review
Epidemics,Elsevier,Netherlands,Medicine,29,28,Yes,Anonymous peer review
Journal of Cardiovascular Magnetic Resonance,Elsevier,United States,Medicine,29,28,Yes,Anonymous peer review
Journal of Behavioral Addictions,Akadémiai Kiadó,Hungary,Medicine,29,28,Yes,Double anonymous peer review
International Journal of Information Management Data Insights,Elsevier,United Kingdom,Technology,29,28,Yes,Double anonymous peer review
PEC Innovation,Elsevier,Netherlands,Medicine,29,28,Yes,Anonymous peer review
Surgery Open Digestive Advance,Elsevier,France,Medicine,29,28,Yes,Double anonymous peer review
"Sexualidad, Salud y Sociedad: Revista Latinoamericana",Universidade do Estado do Rio de Janeiro,Brazil,Medicine,29,28,No,Double anonymous peer review
Hainan yixue,Editorial Office of Hainan Medical Journal,China,Medicine,28,28,Yes,Double anonymous peer review
Česká Stomatologie a Praktické Zubní Lékařství,Czech Dental Chamber,Czechia,Medicine,28,28,No,Double anonymous peer review
Discover Public Health,Springer,Switzerland,Medicine,28,28,No,Anonymous peer review
Annales Africaines de Médecine,University of Kinshasa,"Congo, The Democratic Republic of the",Medicine,28,28,No,Double anonymous peer review
Neurosurgery Practice,Wolters Kluwer Health - Lippincott Williams Wilkins,United States,Medicine,28,28,Yes,Double anonymous peer review
De Europa,Università degli Studi di Torino,Italy,Law,28,25,No,Double anonymous peer review
Soils and Rocks,Brazilian Association for Soil Mechanics and Geotechnical Engineering AND Portuguese Geotechnical Society,Brazil,Technology,28,28,No,Anonymous peer review
环境与职业医学,Editorial Committee of Journal of Environmental and Occupational Medicine,China,Medicine,28,28,Yes,Anonymous peer review
TecnoLógicas,Instituto Tecnológico Metropolitano,Colombia,Technology,28,28,No,Double anonymous peer review
Enfermería Nefrológica,Sociedad Española de Enfermería Nefrológica,Spain,Medicine,28,28,No,Peer review
Xiandai yufang yixue,Editorial Office of Modern Preventive Medicine,China,Medicine,28,28,Yes,Double anonymous peer review
Revista Colombiana de Salud Ocupacional,Universidad Libre,Colombia,Medicine,28,28,No,Double anonymous peer review
USFQ Law Review,Universidad San Francisco de Quito USFQ,Ecuador,Law,28,25,No,Double anonymous peer review
International Brazilian Journal of Urology,Sociedade Brasileira de Urologia,Brazil,Medicine,28,28,No,Peer review
Revista Argentina de Salud Pública,Ministerio de Salud,Argentina,Medicine,28,28,No,Double anonymous peer review
Healthcare Informatics Research,The Korean Society of Medical Informatics,"Korea, Republic of",Medicine,28,28,Yes,Double anonymous peer review
اسلام و مدیریت,Research Institute of Hawzah and University (RIHU),"Iran, Islamic Republic of",Law,28,25,No,Double anonymous peer review
Gaceta Médica de México,Permanyer,Spain,Medicine,28,28,No,Double anonymous peer review
Africa Research Journal,South African Institute of Electrical Engineers,South Africa,Technology,28,28,Yes,Double anonymous peer review
Journal of Research in Pharmacy Practice,Wolters Kluwer Medknow Publications,India,Medicine,28,28,Yes,Double anonymous peer review
Journal of Primary Health Care,CSIRO Publishing,Australia,Medicine,28,28,No,Anonymous peer review
European Cells & Materials,Forum Multimedia Publishing LLC,United States,Medicine,28,28,Yes,Double anonymous peer review
Revista Derecho,Universidad de El Salvador,El Salvador,Law,28,25,No,Double anonymous peer review
Journal of Indian Speech Language & Hearing Association,Wolters Kluwer Medknow Publications,India,Medicine,28,28,No,Double anonymous peer review
Journal of Islamic International Medical College,"Riphah International University, Islamabad",Pakistan,Medicine,28,28,Yes,Double anonymous peer review
Europe and the World,UCL Press,United Kingdom,Law,28,25,No,Double anonymous peer review
مهندسی عمران مدرس,Tarbiat Modares University,"Iran, Islamic Republic of",Technology,28,28,No,Double anonymous peer review
Dianli keji yu huanbao,Editorial Office of Electric Power Technology and Environmental Protection,China,Technology,28,28,No,Double anonymous peer review
Revista Mexicana de Neurociencia,Permanyer,Mexico,Medicine,28,28,No,Double anonymous peer review
Brazilian Journal of Health and Pharmacy,Conselho Regional de Farmácia do Estado de Minas Gerais,Brazil,Medicine,28,28,No,Peer review
R&D Journal,"Faculty of Engineering, Department of Mechanical and Mechatronic Engineering",South Africa,Technology,28,28,No,Double anonymous peer review
International Journal of Automation Technology,Fuji Technology Press Ltd.,Japan,Technology,28,28,Yes,Anonymous peer review
Journal of Robotics and Mechatronics,Fuji Technology Press Ltd.,Japan,Technology,28,28,Yes,Anonymous peer review
Xin yixue,Editorial Office of Journal of New Medicine,China,Medicine,28,28,Yes,Double anonymous peer review
AtoZ: Novas Práticas em Informação e Conhecimento,Universidade Federal do Paraná,Brazil,Technology,28,28,No,Double anonymous peer review
AUT Journal of Civil Engineering,Amirkabir university of Technology,"Iran, Islamic Republic of",Technology,28,28,No,Anonymous peer review
Journal of Nature and Science of Medicine,Wolters Kluwer Medknow Publications,India,Medicine,28,28,No,Double anonymous peer review
Occupational Therapy International,Wiley,United Kingdom,Medicine,28,28,Yes,Anonymous peer review
Soft Computing Letters,Elsevier,Netherlands,Technology,28,28,Yes,Anonymous peer review
Case Reports in Orthopedic Research,Karger Publishers,Switzerland,Medicine,28,28,Yes,Anonymous peer review
Contemporary Clinical Dentistry,Wolters Kluwer Medknow Publications,India,Medicine,28,28,Yes,Double anonymous peer review
UIR Law Review,UIR Press,Indonesia,Law,28,25,No,Double anonymous peer review
Jichu yixue yu linchuang,"Institute of Basic Medical Sciences and Peking Union Medical College Hospital, Chinese Academy of Medical Sciences / Peking Union Medical College.",China,Medicine,28,28,Yes,Anonymous peer review
Salāmat-i kār-i Īrān,Iran University of Medical Sciences,"Iran, Islamic Republic of",Medicine,28,28,Yes,Double anonymous peer review
Israel Journal of Health Policy Research,BMC,United Kingdom,Medicine,28,28,No,Anonymous peer review
Airway,Wolters Kluwer Medknow Publications,India,Medicine,28,28,No,Double anonymous peer review
Revista Jurídica da Presidência,Secretaria Especial para Assuntos Jurídicos da Casa Civil da Presidência da República,Brazil,Law,28,25,No,Double anonymous peer review
Tecnología en Marcha,Instituto Tecnológico de Costa Rica,Costa Rica,Technology,28,28,No,Double anonymous peer review
Boletín de la Sociedad Española de Cerámica y Vidrio,Elsevier,Spain,Technology,28,28,Yes,Double anonymous peer review
Applied Bionics and Biomechanics,Wiley,United Kingdom,Technology,28,28,Yes,Anonymous peer review
Canadian Journal of Infectious Diseases and Medical Microbiology,Wiley,United Kingdom,Medicine,28,28,Yes,Anonymous peer review
hLife,Elsevier,Netherlands,Medicine,28,28,Yes,Anonymous peer review
Tidsskrift for Den norske legeforening,Den norske legeforening,Norway,Medicine,28,28,No,Peer review
قضاوت,Publications Office of the Judiciary of Tehran Province,"Iran, Islamic Republic of",Law,28,25,Yes,Anonymous peer review
Addiction Science & Clinical Practice,BMC,United Kingdom,Medicine,28,28,Yes,Anonymous peer review
现代疾病预防控制,Editorial Department of Modern Disease Control and Prevention,China,Medicine,28,28,Yes,Double anonymous peer review
BMC International Health and Human Rights,BMC,United Kingdom,Medicine,28,28,Yes,Open peer review
European Medical Journal Allergy & Immunology,European Medical Journal,United Kingdom,Medicine,28,28,No,Double anonymous peer review
"Asia-Pacific Journal of Sports Medicine, Arthroscopy, Rehabilitation and Technology",Elsevier,Netherlands,Medicine,28,28,Yes,Double anonymous peer review
Chinese Journal of Traumatology,Elsevier,Netherlands,Medicine,28,28,No,Anonymous peer review
EJVES Short Reports,Elsevier,Netherlands,Medicine,28,28,Yes,Double anonymous peer review
EJVES Vascular Forum,Elsevier,United Kingdom,Medicine,28,28,Yes,Double anonymous peer review
Wind Energy Science,Copernicus Publications,Germany,Technology,28,28,Yes,Open peer review
International Journal for Equity in Health,BMC,United Kingdom,Medicine,28,28,Yes,Anonymous peer review
Canadian Journal of Infectious Diseases,Wiley,United Kingdom,Medicine,28,28,Yes,Anonymous peer review
Borderline Personality Disorder and Emotion Dysregulation,BMC,United Kingdom,Medicine,28,28,Yes,Anonymous peer review
Journal of Cellular and Molecular Medicine,Wiley,United Kingdom,Medicine,28,28,Yes,Peer review
BMJ Open Quality,BMJ Publishing Group,United Kingdom,Medicine,28,28,Yes,Anonymous peer review
Discover Health Systems,Springer Nature,Switzerland,Medicine,28,28,Yes,Anonymous peer review
Pensar Enfermagem,"Nursing Research, Innovation and Development Centre of Lisbon (CIDNUR) of the School of Nursing, Universidade de Lisboa (ESEUL)",Portugal,Medicine,28,28,No,Double anonymous peer review
Gut Microbiome,Cambridge University Press,United Kingdom,Technology,28,28,Yes,Anonymous peer review
Emerging Themes in Epidemiology,BMC,United Kingdom,Medicine,28,28,No,Anonymous peer review
Trauma Case Reports,Elsevier,Netherlands,Medicine,28,28,Yes,Anonymous peer review
Energy Nexus,Elsevier,United Kingdom,Technology,28,28,Yes,Anonymous peer review
Journal of Medicine in Scientific Research,General Organization of Teaching Hospitals and Institutes,Egypt,Medicine,28,28,Yes,Double anonymous peer review
Shiyong laonian yixue,Editorial Office of Practical Geriatrics,China,Medicine,28,28,Yes,Double anonymous peer review
Reviews in Cardiovascular Medicine,IMR Press,Singapore,Medicine,28,28,Yes,Double anonymous peer review
Military Medical Research,"KeAi Communications Co., Ltd.",China,Medicine,28,28,No,Double anonymous peer review
İstanbul Hukuk Mecmuası,Istanbul University Press,Türkiye,Law,27,25,No,Double anonymous peer review
Deusto Journal of Human Rights,University of Deusto,Spain,Law,27,25,No,Anonymous peer review
Revista de Doutrina e Jurisprudência,Tribunal de Justiça do Distrito Federal e dos Territórios,Brazil,Law,26,25,No,Double anonymous peer review
Victoria University Law and Justice Journal,Victoria University,Australia,Law,26,25,No,Anonymous peer review
Groningen Journal of International Law,University of Groningen Press,Netherlands,Law,26,25,No,Double anonymous peer review
Documentación Administrativa,Instituto Nacional de Administración Pública (INAP),Spain,Law,26,25,No,Double anonymous peer review
Zhihui kongzhi yu fangzhen,Editorial Office of Command Control and Simulation,China,Military Science,26,22.400000000000006,Yes,Double anonymous peer review
University of Vienna Law Review,Advanced Research School in Law and Jurisprudence (Ars Iuris Vienna),Austria,Law,26,25,No,Double anonymous peer review
Revista Eurolatinoamericana de Derecho Administrativo,Universidad Nacional del Litoral,Argentina,Law,26,25,No,Double anonymous peer review
Forensic Sciences Research,Oxford University Press,United Kingdom,Law,26,25,No,Double anonymous peer review
Revista de Ciências Jurídicas e Sociais da UNIPAR,Universidade Paranaense – UNIPAR,Brazil,Law,26,25,No,Double anonymous peer review
Revista Catalana de Dret Públic,Escola d'Administració Pública de Catalunya,Spain,Law,26,25,No,Double anonymous peer review
Suprema,Supremo Tribunal Federal,Brazil,Law,25,25,No,Double anonymous peer review
Prawo,Wydawnictwo Uniwersytetu Wrocławskiego,Poland,Law,25,25,No,Double anonymous peer review
Croatian Yearbook of European Law and Policy,"University of Zagreb, Faculty of Law",Croatia,Law,25,25,No,Peer review
Revista da Faculdade de Direito da Universidade Federal de Minas Gerais,"Universidade Federal de Minas Gerais, Faculdade de Direito",Brazil,Law,25,25,No,Double anonymous peer review
Teoria Jurídica Contemporânea,Programa de Pós-Graduação em Direito da Universidade Federal do Rio de Janeiro,Brazil,Law,25,25,No,Double anonymous peer review
Horyzonty Polityki,Jesuit Univeristy Ignatianum in Krakow,Poland,Law,25,25,No,Double anonymous peer review
Law & Criminology Journal,Ghent University,Belgium,Law,25,25,No,Double anonymous peer review
Ius et Praxis,Universidad de Talca,Chile,Law,25,25,No,Double anonymous peer review
Indonesia Media Law Review,Universitas Negeri Semarang,Indonesia,Law,25,25,No,Double anonymous peer review
الرافدین للحقوق,University of Mosul-College of Law,Iraq,Law,25,25,Yes,Double anonymous peer review
Revista Sobre la Infancia y la Adolescencia,Universitat Politècnica de València,Spain,Law,25,25,No,Double anonymous peer review
Acta Universitatis Carolinae Iuridica,Karolinum Press,Czechia,Law,25,25,No,Double anonymous peer review
Zhongguo sifa jianding,Editorial Office of Chinese Journal of Forensic Sciences,China,Law,25,25,Yes,Double anonymous peer review
European Journal of Empirical Legal Studies,Umeå University,Sweden,Law,25,25,No,Double anonymous peer review
Space and Defense,"University of Nebraska, Omaha",United States,Military Science,25,22.400000000000006,No,Double anonymous peer review
Стратегічна панорама,National Institute for Strategic Studies,Ukraine,Military Science,24,22.400000000000006,No,Double anonymous peer review
